음식점 이름,메뉴 이름,메뉴 가격,에너지,탄수화물,단백질,지방
원조태평소국밥 본관,소국밥,9000, , , , 
원조태평소국밥 본관,소내장탕,9000, , , , 
원조태평소국밥 본관,소갈비탕,11500, , , , 
원조태평소국밥 본관,매운소갈비찜(중),29000, , , , 
원조태평소국밥 본관,궁중소갈비찜(중),29000, , , , 
원조태평소국밥 본관,특내장탕,11000, , , , 
온천손칼국수쭈꾸미,조개 (물총) 칼국수,8500, , , , 
온천손칼국수쭈꾸미,쭈꾸미볶음,9500, , , , 
온천손칼국수쭈꾸미,물총탕,14000, , , , 
온천손칼국수쭈꾸미,수육,14000, , , , 
온천손칼국수쭈꾸미,공기밥,1000, , , , 
상무초밥 유성점,자부심초밥세트(10P),16900, , , , 
상무초밥 유성점,상무초밥세트(10P),20900, , , , 
상무초밥 유성점,진심초밥세트(10P),12900, , , , 
상무초밥 유성점,활어초밥(10P),18000, , , , 
상무초밥 유성점,참치초밥(10P),18000, , , , 
상무초밥 유성점,연어초밥(8P),16000, , , , 
원조태평소국밥 유성점,소국밥,8000, , , , 
원조태평소국밥 유성점,따로국밥,8500, , , , 
원조태평소국밥 유성점,소내장탕,8000, , , , 
원조태평소국밥 유성점,매운소갈비찜 (중),28000, , , , 
원조태평소국밥 유성점,궁중소갈비찜 (중),28000, , , , 
워낭명가,특양구이 (170g),29000, , , , 
워낭명가,대창구이 (180g),26000, , , , 
워낭명가,양념왕갈비 (300g),38000, , , , 
워낭명가,차돌박이 (150g),20000, , , , 
워낭명가,갈비탕,15000, , , , 
워낭명가,전복갈비탕,18000, , , , 
바르미 샤브샤브n칼국수 봉명점,쇠고기샤브샤브 (1인) (주말 . 공휴일),16800, , , , 
바르미 샤브샤브n칼국수 봉명점,한우샤브샤브 (1인) (주말 . 공휴일),18800, , , , 
바르미 샤브샤브n칼국수 봉명점,한우샤브샤브 (1인) (평일),17800, , , , 
바르미 샤브샤브n칼국수 봉명점,대표샤브샤브 (1인) (주말 . 공휴일),19800, , , , 
바르미 샤브샤브n칼국수 봉명점,대표샤브샤브 (1인) (평일),18800, , , , 
바르미 샤브샤브n칼국수 봉명점,쇠고기샤브샤브 (1인) (평일점심),14800, , , , 
일당감자탕,뼈다귀탕,11000, , , , 
일당감자탕,감자탕 (대),51000, , , , 
일당감자탕,감자탕 (중),41000, , , , 
일당감자탕,감자탕 (소),32000, , , , 
일당감자탕,한우사골우거지해장국,10000, , , , 
구들마루,닭도리탕(중),35000, , , , 
구들마루,삼계탕,14000, , , , 
구들마루,곱창전골(소),33000, , , , 
구들마루,한방누룽지백숙,55000, , , , 
구들마루,능이한방누룽지백숙,65000, , , , 
구들마루,능이삼계탕,16000, , , , 
띠울석갈비 유성직영점,소석갈비,27000, , , , 
띠울석갈비 유성직영점,돼지석갈비,17000, , , , 
띠울석갈비 유성직영점,갈비탕,15000, , , , 
띠울석갈비 유성직영점,냉면,8000, , , , 
띠울석갈비 유성직영점,비빔냉면,9000, , , , 
백마강참숯민물장어 유성점,민물장어 (한판),69000, , , , 
백마강참숯민물장어 유성점,민물장어 (반판),35000, , , , 
백마강참숯민물장어 유성점,장어탕 (대),8000, , , , 
백마강참숯민물장어 유성점,장어탕 (소),5000, , , , 
백마강참숯민물장어 유성점,소면,3000, , , , 
대손관 본점,밀면 (냉),9000, , , , 
대손관 본점,물비빔밀면,9000, , , , 
유람,푸드 및 음료 메뉴판,0, , , , 
유람,케이크 및 주류 메뉴판,0, , , , 
아케이드커피,에스프레소,4500, , , , 
아케이드커피,아메리카노,5500, , , , 
아케이드커피,플랫 화이트,5500, , , , 
아케이드커피,라떼,6000, , , , 
아케이드커피,아인슈페너,6000, , , , 
아케이드커피,밀크티,6500, , , , 
잇마이타이 봉명점,팟타이 (새우),9900, , , , 
잇마이타이 봉명점,쌀국수,9900, , , , 
잇마이타이 봉명점,똠양꿍누들,13900, , , , 
잇마이타이 봉명점,팟카파오무쌉,9900, , , , 
잇마이타이 봉명점,카오팟 탈레,9900, , , , 
잇마이타이 봉명점,카오팟 똠얌,9900, , , , 
르뺑99-1,아메리카노,3800, , , , 
르뺑99-1,카페라떼,4300, , , , 
르뺑99-1,녹차라떼,5000, , , , 
르뺑99-1,요거트,6000, , , , 
르뺑99-1,얼그레이,4500, , , , 
르뺑99-1,생자몽에이드,5800, , , , 
철수네매운갈비찜,매운 갈비찜(1인분),15000, , , , 
촌놈들연탄구이 본점,꼬들살(180g),13000, , , , 
촌놈들연탄구이 본점,오돌뼈(180g),13000, , , , 
촌놈들연탄구이 본점,매운오돌뼈(180g),13000, , , , 
촌놈들연탄구이 본점,껍데기(150g),8000, , , , 
촌놈들연탄구이 본점,주먹구이(150g),13000, , , , 
촌놈들연탄구이 본점,매운닭발,13000, , , , 
크래버대게나라 대전유성점,대게코스(특A)(1kg),0, , , , 
크래버대게나라 대전유성점,킹크랩코스(특A)(1kg),0, , , , 
크래버대게나라 대전유성점,랍스타코스(특A)(1kg),0, , , , 
따봉시래기,시래기 차돌쌈(110g),14000, , , , 
따봉시래기,시래기보쌈(대),38000, , , , 
따봉시래기,물냉면,8000, , , , 
따봉시래기,비빔냉면,9000, , , , 
작은화로,제주 흑돼지 오겹살,18000, , , , 
작은화로,한우 특수부위 모둠,98000, , , , 
작은화로,살치살,45000, , , , 
작은화로,안창살,45000, , , , 
작은화로,갈비살,42000, , , , 
작은화로,채끝등심,35000, , , , 
블레스롤 대전유성본점,아메리카노(아르꼬발레노),5200, , , , 
블레스롤 대전유성본점,블레스롤(얼그레이크림),17500, , , , 
블레스롤 대전유성본점,고백해(우유크림),10300, , , , 
블레스롤 대전유성본점,오더쿠크림,4500, , , , 
블레스롤 대전유성본점,빠더쿠크림,4500, , , , 
쁘리모,2인 파스타세트,41000, , , , 
쁘리모,2인 스테이크세트,52000, , , , 
미미삼겹,생삼겹살(국내산 180g),15000, , , , 
미미삼겹,냉동삼겹살 (국내산 180g),14000, , , , 
미미삼겹,볶음밥,3000, , , , 
미미삼겹,공기밥,1000, , , , 
임진강장어,한방장어소금구이(1판),69000, , , , 
임진강장어,장어추가(1인분),35000, , , , 
임진강장어,산더덕장어구이(1인분),35000, , , , 
임진강장어,고추장양념구이(1인분),32000, , , , 
임진강장어,간장양념구이(1인분),32000, , , , 
임진강장어,산더덕구이,15000, , , , 
황산옥,활참복지리(1인),39000, , , , 
황산옥,활참복아욱(1인),39000, , , , 
황산옥,까치복매운탕(1인),23000, , , , 
황산옥,밀복매운탕(1인),18000, , , , 
황산옥,뚝배기해장지리,12000, , , , 
아리랑옛날순대,모듬순대(중),10000, , , , 
아리랑옛날순대,모듬순대(대),14000, , , , 
아리랑옛날순대,돼지수육,15000, , , , 
아리랑옛날순대,돼지머리리수육,15000, , , , 
청주해장국 유성본점,도가니탕,13900, , , , 
청주해장국 유성본점,소내장탕,9900, , , , 
청주해장국 유성본점,소고기해장국,9900, , , , 
청주해장국 유성본점,황태해장국,9900, , , , 
청주해장국 유성본점,선지해장국,8900, , , , 
청주해장국 유성본점,콩나물해장국,8900, , , , 
설천순대국밥 유성직영점,순대국밥,9000, , , , 
설천순대국밥 유성직영점,순대국밥 (특),10000, , , , 
설천순대국밥 유성직영점,맛순대 (1접시),9000, , , , 
설천순대국밥 유성직영점,미니족 (1접시),9000, , , , 
설천순대국밥 유성직영점,맛내장 (1접시),17000, , , , 
설천순대국밥 유성직영점,술국,17000, , , , 
속풀이부추칼국수황제보쌈 유성점,바지락칼국수,10000, , , , 
속풀이부추칼국수황제보쌈 유성점,속풀이칼국수,10000, , , , 
속풀이부추칼국수황제보쌈 유성점,미니족발,10000, , , , 
속풀이부추칼국수황제보쌈 유성점,황제보쌈 (대),48000, , , , 
속풀이부추칼국수황제보쌈 유성점,황제보쌈 (중),38000, , , , 
속풀이부추칼국수황제보쌈 유성점,황제보쌈 (소),25000, , , , 
쿠우쿠우 대전유성점,평일런치,22900, , , , 
쿠우쿠우 대전유성점,평일디너,27900, , , , 
쿠우쿠우 대전유성점,주말 및 공휴일,29900, , , , 
쿠우쿠우 대전유성점,초등학생 평일런치,15900, , , , 
쿠우쿠우 대전유성점,초등학생 평일디너/주말,16900, , , , 
쿠우쿠우 대전유성점,미취학아동(36개월 이상),8000, , , , 
청담이상 대전봉명점,아보카도연어사라다,24000, , , , 
청담이상 대전봉명점,참소라 숙회,30000, , , , 
청담이상 대전봉명점,새우장,12000, , , , 
청담이상 대전봉명점,치킨 가라아게,11000, , , , 
청담이상 대전봉명점,소고기 해물나베,22000, , , , 
진원소우 대전봉명점,성인,27500, , , , 
진원소우 대전봉명점,초등,17500, , , , 
진원소우 대전봉명점,유아,10000, , , , 
아웃백스테이크하우스 유성점,치킨 텐더 샐러드,29900, , , , 
아웃백스테이크하우스 유성점,홈파티 4인 세트,150900, , , , 
아웃백스테이크하우스 유성점,짐붐바 스테이크 3인 세트,85900, , , , 
아웃백스테이크하우스 유성점,갈릭 립아이 스테이크 2인 세트,70900, , , , 
아웃백스테이크하우스 유성점,아웃백 × 코카-콜라 2인 세트,61900, , , , 
아웃백스테이크하우스 유성점,카카두 김치 그릴러 2인 세트,55900, , , , 
향미각 유성점,탕수육(소),13000, , , , 
향미각 유성점,알꼬막짬뽕(밥),10000, , , , 
향미각 유성점,소고기짬뽕(밥),10000, , , , 
향미각 유성점,유니짜장(밥),7000, , , , 
향미각 유성점,군만두,5000, , , , 
제주똥돼지오겹살,제주오겹살,15000, , , , 
제주똥돼지오겹살,생목살,15000, , , , 
제주똥돼지오겹살,생항정살,16000, , , , 
제주똥돼지오겹살,생갈매기살,16000, , , , 
제주똥돼지오겹살,소갈비살,16000, , , , 
제주똥돼지오겹살,대구막창,13000, , , , 
유명돌구이,주물럭 (1인),15000, , , , 
유명돌구이,생삼겹살 (1인),16000, , , , 
유명돌구이,삼겹살 (냉동) (1인),15000, , , , 
전주집,돌솥밥+시래기탕,10000, , , , 
전주집,생삼겹살 (150g 1인),14000, , , , 
전주집,시래기송안지 갈비찜 (250g 1인분),25000, , , , 
전주집,돌솥밥+시래기갈비탕,14000, , , , 
전주집,돌솥밥+된장찌개,10000, , , , 
어선재,회정식,30000, , , , 
어선재,초밥,25000, , , , 
어선재,물회,25000, , , , 
어선재,생우럭탕,29000, , , , 
어선재,어선재A(1인),150000, , , , 
스바라시라멘 본점,스바라시 라멘,10000, , , , 
스바라시라멘 본점,해물미소라멘,10000, , , , 
스바라시라멘 본점,돈코츠라멘,9500, , , , 
스바라시라멘 본점,카라이쇼유라멘,9500, , , , 
스바라시라멘 본점,미소라멘,9000, , , , 
썸데이작은화로 직영점,제주흑돼지 오겹살(150g),19000, , , , 
썸데이작은화로 직영점,제주흑돼지 목살(150g),19000, , , , 
썸데이작은화로 직영점,백돼지오겹살(150g),17000, , , , 
썸데이작은화로 직영점,백돼지목살(150g),17000, , , , 
썸데이작은화로 직영점,목살양념구이(200g),16000, , , , 
썸데이작은화로 직영점,돼지생갈비(170g),16000, , , , 
황우마을,소고기 무한리필 (모듬) (1인당),29000, , , , 
황우마을,소고기 무한리필 (특선) (1인당),31000, , , , 
황우마을,한우 암소 꽃등심,39000, , , , 
황우마을,소갈비살,21000, , , , 
황우마을,소고기 떡갈비,15000, , , , 
장수진곰탕,진곰탕,13000, , , , 
장수진곰탕,양곰탕,13000, , , , 
장수진곰탕,꼬리곰탕,20000, , , , 
장수진곰탕,도가니탕,20000, , , , 
장수진곰탕,갈비탕,15000, , , , 
장수진곰탕,장수국밥,13000, , , , 
맛찬들왕소금구이 대전봉명점,숙성생삼겹살(150g),17000, , , , 
맛찬들왕소금구이 대전봉명점,숙성생목살(150g),17000, , , , 
맛찬들왕소금구이 대전봉명점,숙성오겹살(150g),19000, , , , 
부연부,하교,12000, , , , 
부연부,구채교,12000, , , , 
부연부,파채교,12000, , , , 
부연부,황지향기린구이, 당초운탄,,12000, , , , 
부연부,춘권, 산이작춘권,12000, , , , 
부연부,비취교, 상하이소롱포,12000, , , , 
왕가,비트탕수육 (소),23000, , , , 
왕가,양장피 (소),28000, , , , 
왕가,칠리왕새우 (소),30000, , , , 
왕가,한우유니짜장,8000, , , , 
왕가,한우유니짜장밥,7000, , , , 
왕가,고기짬뽕,8000, , , , 
이순신소국밥,따로국밥,8000, , , , 
이순신소국밥,소국밥,8000, , , , 
이순신소국밥,매운소갈비찜 (750g),32000, , , , 
이순신소국밥,냄비 불닭발,17000, , , , 
이순신소국밥,쫄대기 짜글짜글,20000, , , , 
이순신소국밥,육회(120g),15000, , , , 
달콩수제팥빙수단팥죽,단팥죽,4000, , , , 
달콩수제팥빙수단팥죽,팥빙수,4000, , , , 
달콩수제팥빙수단팥죽,수제 청귤차,4000, , , , 
달콩수제팥빙수단팥죽,수제 쌍화차,7000, , , , 
달콩수제팥빙수단팥죽,수제 대추차,7000, , , , 
달콩수제팥빙수단팥죽,더치 아메리카노(HOT),2500, , , , 
늘상상,사천탕면,12000, , , , 
늘상상,해물짬뽕,11000, , , , 
늘상상,냉짬뽕,13000, , , , 
늘상상,유니짜장,8000, , , , 
늘상상,해물우동,10000, , , , 
늘상상,새우차오판,13000, , , , 
화도갈비 모란정,돼지갈비 (1인),13000, , , , 
화도갈비 모란정,숙성 통삼겹 (1인),13000, , , , 
화도갈비 모란정,숙성 통목살 (1인),13000, , , , 
화도갈비 모란정,녹두전,10000, , , , 
화도갈비 모란정,차돌 된장찌개,4000, , , , 
스타벅스 대전도안DT점,블랙 글레이즈드 라떼,6500, , , , 
스타벅스 대전도안DT점,아이스 블랙 글레이즈드 라떼,6500, , , , 
스타벅스 대전도안DT점,아이스 마롱 헤이즐넛 라떼,6700, , , , 
스타벅스 대전도안DT점,마롱 헤이즐넛 라떼,6700, , , , 
스타벅스 대전도안DT점,스퀴즈드 오렌지 주스 100ML,3800, , , , 
스타벅스 대전도안DT점,수박 주스 190ML,4500, , , , 
옛날숯불갈비,양념돼지갈비,15000, , , , 
옛날숯불갈비,양념소갈비,37000, , , , 
옛날숯불갈비,한우우거지탕,9000, , , , 
옛날숯불갈비,물냉면,7000, , , , 
옛날숯불갈비,비빔냉면,7000, , , , 
옛날숯불갈비,안창(150g),55000, , , , 
숯불닭구이 호연재 봉명본점,어복쟁반해물순두부,7000, , , , 
숯불닭구이 호연재 봉명본점,명인 반근 숯불닭갈비(소금),13000, , , , 
숯불닭구이 호연재 봉명본점,시가단매실하이볼,0, , , , 
숯불닭구이 호연재 봉명본점,화간장,0, , , , 
숯불닭구이 호연재 봉명본점,점심특선 닭갈비모둠,40000, , , , 
숯불닭구이 호연재 봉명본점,동춘당 닭갈비 볶음밥 (2인분양),6500, , , , 
양탄가,양밥,18000, , , , 
양탄가,내장탕,8000, , , , 
양탄가,특양구이(150g),29000, , , , 
양탄가,대창구이(160g),28000, , , , 
양탄가,한우생등심(140g),49000, , , , 
달빛참치 대전유성점,달코스(1인),45000, , , , 
달빛참치 대전유성점,빛코스(1인),65000, , , , 
달빛참치 대전유성점,참다랑어 스페셜(1인),80000, , , , 
달빛참치 대전유성점,달초밥(1인),20000, , , , 
달빛참치 대전유성점,빛초밥(1인),30000, , , , 
하루토,일품요리특선(2~3)인분,150000, , , , 
하루토,참치회(2~3)인분,80000, , , , 
하루토,치즈계란말이,13000, , , , 
하루토,육회덮밥,10000, , , , 
하루토,소고기야채구이,5000, , , , 
하루토,염통구이,3000, , , , 
형과아우누룽지삼계탕&왕갈비탕 대전체인본점직영점,유황오리훈제구이 한마리,65000, , , , 
형과아우누룽지삼계탕&왕갈비탕 대전체인본점직영점,유황오리훈제구이 반마리,45000, , , , 
형과아우누룽지삼계탕&왕갈비탕 대전체인본점직영점,유황오리양념주물럭구이 한마리,65000, , , , 
형과아우누룽지삼계탕&왕갈비탕 대전체인본점직영점,오리능이백숙,70000, , , , 
형과아우누룽지삼계탕&왕갈비탕 대전체인본점직영점,왕갈비찜,50000, , , , 
형과아우누룽지삼계탕&왕갈비탕 대전체인본점직영점,전복낚지왕갈비찜,65000, , , , 
진월당,명품동지팥죽,11000, , , , 
진월당,명품호박죽,11000, , , , 
진월당,명품팥칼국수,10000, , , , 
진월당,황태칼제비,10000, , , , 
진월당,손왕만두,6000, , , , 
진월당,명품맷돌콩물국수 (여름메뉴),11000, , , , 
스타벅스 대전유성점,블랙 글레이즈드 라떼,6500, , , , 
스타벅스 대전유성점,아이스 블랙 글레이즈드 라떼,6500, , , , 
스타벅스 대전유성점,아이스 마롱 헤이즐넛 라떼,6700, , , , 
스타벅스 대전유성점,마롱 헤이즐넛 라떼,6700, , , , 
스타벅스 대전유성점,스퀴즈드 오렌지 주스 100ML,3800, , , , 
스타벅스 대전유성점,수박 주스 190ML,4500, , , , 
아랑횟집,광어 사시미 (소),60000, , , , 
아랑횟집,우럭 사시미 (소),60000, , , , 
아랑횟집,도미 사시미 (대),120000, , , , 
아랑횟집,모듬 사시미 (소),70000, , , , 
아랑횟집,명품 참치 (소),110000, , , , 
도이식탁,참.딱.광.문(예약메뉴),66000, , , , 
도이식탁,참.딱(참다랑어예약메뉴),55000, , , , 
도이식탁,딱.광.문,46000, , , , 
도이식탁,딱새우회,38000, , , , 
도이식탁,딱새우찜(소),38000, , , , 
도이식탁,스키야끼,25000, , , , 
육사구이 봉명점,구이세트 1,41000, , , , 
육사구이 봉명점,육회C,31000, , , , 
육사구이 봉명점,육회B,41000, , , , 
육사구이 봉명점,육회A,51000, , , , 
육사구이 봉명점,화로구이,41000, , , , 
육사구이 봉명점,육사시미,36000, , , , 
인기명 대전유성점,조개찜(2인),53000, , , , 
인기명 대전유성점,랍스터 조개찜(2인),83000, , , , 
인기명 대전유성점,매운 돼지갈비찜(3~4인),59000, , , , 
인기명 대전유성점,소갈비찜(3~4인),73000, , , , 
징기스 유성점,양고기모둠+명란구이 세트(2인),66000, , , , 
징기스 유성점,양고기모둠+명란구이+야끼니쿠+이지타마고 세트(2인),75000, , , , 
징기스 유성점,양고기모둠+명란구이+감자탕 세트(2인),67000, , , , 
불이아 대전봉명점,양꼬치SET 메뉴 (2~3인),47000, , , , 
불이아 대전봉명점,양꼬치BEST 메뉴,36000, , , , 
불이아 대전봉명점,훠궈SET 메뉴 (2~3인),70000, , , , 
불이아 대전봉명점,홍탕정식 또는 토마토탕정식 (1인),28500, , , , 
불이아 대전봉명점,불이아정식 (1인),23500, , , , 
불이아 대전봉명점,양고기정식 (1인),24000, , , , 
라무다찌 본점,라무세트(2인),69000, , , , 
라무다찌 본점,다찌세트(2인),89000, , , , 
라무다찌 본점,양꽃등심(200g),33000, , , , 
라무다찌 본점,양갈비(200g),30000, , , , 
라무다찌 본점,프렌치랙(200g),36000, , , , 
송정설렁탕 본점,설렁탕,8000, , , , 
송정설렁탕 본점,갈비탕,10000, , , , 
송정설렁탕 본점,육개장,8000, , , , 
송정설렁탕 본점,전복낙지(2인),48000, , , , 
송정설렁탕 본점,해물갈비찜(소),48000, , , , 
부잣집 곰탕,모듬찜(중),40000, , , , 
부잣집 곰탕,맛보기 모듬수육(1~2인용),15000, , , , 
부잣집 곰탕,양수육,30000, , , , 
부잣집 곰탕,도가니수육,35000, , , , 
부잣집 곰탕,꼬리수육,40000, , , , 
비바릴리 도안점,티본스테이크,88000, , , , 
비바릴리 도안점,토마토 루나,22000, , , , 
비바릴리 도안점,크로칸테,21000, , , , 
비바릴리 도안점,포모도로,19000, , , , 
비바릴리 도안점,씨져샐러드,14000, , , , 
비바릴리 도안점,한우채끝등심스테이크,47000, , , , 
다해어죽,다해어죽,9000, , , , 
다해어죽,도리뱅뱅,13000, , , , 
다해어죽,미꾸리지튀김,13000, , , , 
다해어죽,민물새우탕 (중),35000, , , , 
다해어죽,빠가매운탕 (중),35000, , , , 
마시기통차 유성본점,뒷고기(150g),6000, , , , 
마시기통차 유성본점,갈매기살(150g),9000, , , , 
마시기통차 유성본점,삼겹살(150g),9000, , , , 
마시기통차 유성본점,꼬리살(150g),7000, , , , 
마시기통차 유성본점,껍데기(150g),6000, , , , 
스시유이,광어 Sushi,25000, , , , 
스시유이,연어 Sushi,24000, , , , 
스시유이,스테이크 Sushi,25000, , , , 
스시유이,A Course,24000, , , , 
고향촌,생선구이백반 (2인 이상),10000, , , , 
고향촌,촌돼지찌개,10000, , , , 
고향촌,순두부찌개,9000, , , , 
고향촌,청국장찌개,9000, , , , 
고향촌,된장찌개,9000, , , , 
고향촌,김치찌개,9000, , , , 
유성만두 대전점,만두전골,12000, , , , 
유성만두 대전점,만두국,10000, , , , 
유성만두 대전점,떡국,9000, , , , 
유성만두 대전점,군만두,9000, , , , 
유성만두 대전점,찐만두,8000, , , , 
유성만두 대전점,떡만두국,10000, , , , 
코운스시,코운사시미 (1인),35000, , , , 
코운스시,광어 (2pcs),4000, , , , 
코운스시,광어지느러미 (2pcs),4500, , , , 
코운스시,참다랑어 (2pcs),4000, , , , 
고치소사마,일본 가정식 커리 라이스,8000, , , , 
고치소사마,일본 가정식 커리 우동,8000, , , , 
고치소사마,일본식 가츠오 우동,8000, , , , 
고치소사마,생연어 초밥 (10P),23000, , , , 
고치소사마,대왕연어초밥 (5P),29000, , , , 
삼복가든,한우생등심 (150g),36000, , , , 
삼복가든,한우특수부위 (150g),49000, , , , 
삼복가든,육회 (200g),35000, , , , 
삼복가든,불고기 (200g),18000, , , , 
삼복가든,불고기정식 (200g),22000, , , , 
삼복가든,궁중전골,13000, , , , 
온천돌구이,삼겹살 (400g),18000, , , , 
온천돌구이,주물럭 (400g),16000, , , , 
온천돌구이,볶음밥,2000, , , , 
어가원,알탕,15000, , , , 
어가원,모듬초밥,20000, , , , 
어가원,물회,20000, , , , 
어가원,생대구탕,20000, , , , 
어가원,생연어초밥,20000, , , , 
어가원,튀김정식,20000, , , , 
홍천식당,콩나물비빔밥,7000, , , , 
홍천식당,콩나물해장국,8000, , , , 
홍천식당,우거지해장국,8000, , , , 
홍천식당,황태미역국,8000, , , , 
홍천식당,떡갈비,8000, , , , 
홍천식당,계란말이,10000, , , , 
카페106 도안수변공원점,시나몬슈가,7000, , , , 
카페106 도안수변공원점,아메리카노,4000, , , , 
카페106 도안수변공원점,카페라떼,4500, , , , 
카페106 도안수변공원점,루이보스 아몬드,5000, , , , 
카페106 도안수변공원점,자몽차,5500, , , , 
애슐리퀸즈 NC대전유성점,평일런치,19900, , , , 
애슐리퀸즈 NC대전유성점,평일디너/할인가,25900, , , , 
애슐리퀸즈 NC대전유성점,주말,공휴일,27900, , , , 
애슐리퀸즈 NC대전유성점,초등학생,12900, , , , 
애슐리퀸즈 NC대전유성점,미취학아동,7900, , , , 
귀빈한식뷔페,한식뷔페 (성인),9000, , , , 
귀빈한식뷔페,한식뷔페 (초등),7000, , , , 
귀빈한식뷔페,한식뷔페 (미취학),5000, , , , 
귀빈한식뷔페,생삼겹살 (180g),13000, , , , 
옥천옥 봉명동본점,소머리국밥,13000, , , , 
옥천옥 봉명동본점,도가니탕,16000, , , , 
옥천옥 봉명동본점,소머리수육,35000, , , , 
옥천옥 봉명동본점,반반수육,45000, , , , 
옥천옥 봉명동본점,소머리국밥특,15000, , , , 
옥천옥 봉명동본점,도가니수육,55000, , , , 
알텐데,마르게리따,20000, , , , 
바라던바,아메리카노 (HOT),4500, , , , 
바라던바,카페라떼 (HOT),5300, , , , 
바라던바,카푸치노 (HOT),5300, , , , 
바라던바,바닐라크림라떼 (HOT),6200, , , , 
바라던바,모카라떼 (HOT),6200, , , , 
바라던바,청포도케일,6800, , , , 
전주복집,밀복찜(소),50000, , , , 
전주복집,까치복찜(소),80000, , , , 
전주복집,자연산 밀복수육,60000, , , , 
전주복집,생복불고기(1인),26000, , , , 
전주복집,아구찜(소),35000, , , , 
연타발 대전유성점,특양구이,0, , , , 
연타발 대전유성점,한우대창구이,0, , , , 
마이램 봉명점,양보탕,20000, , , , 
마이램 봉명점,양갈비 200g,30000, , , , 
마이램 봉명점,양등심 180g,30000, , , , 
마이램 봉명점,프랜치랙 180g,38000, , , , 
마이램 봉명점,지리산흑돼지오겹살 150g,17000, , , , 
마이램 봉명점,양고기 수육 300g,35000, , , , 
파이룸,아메리카노(HOT),3000, , , , 
파이룸,카페라떼,4000, , , , 
파이룸,아이스초코,3200, , , , 
파이룸,복숭아아이스티,3000, , , , 
수리왕족발보쌈 유성점,부드러운온족(중),34000, , , , 
수리왕족발보쌈 유성점,꼬들앞족발(중),34000, , , , 
수리왕족발보쌈 유성점,족발+보쌈(2인),36000, , , , 
수리왕족발보쌈 유성점,보쌈(소),29000, , , , 
수리왕족발보쌈 유성점,마늘보쌈(소),31000, , , , 
명작,Aging꽃삼겹(150g),13000, , , , 
명작,Aging갈매기살(150g),14000, , , , 
명작,이베리코갈빗살(150g),15000, , , , 
명작,꽃게된장찌개,6000, , , , 
명작,얼큰이라면,4000, , , , 
곰에스프레소 본점,에스프레소 (솔로/도피오),4000, , , , 
곰에스프레소 본점,에스프레소 (마키아토/콘파나),4500, , , , 
곰에스프레소 본점,아메리카노 (hot),4500, , , , 
곰에스프레소 본점,카페라떼 (hot),5000, , , , 
곰에스프레소 본점,요거트스무디,6500, , , , 
곰에스프레소 본점,카푸치노,5000, , , , 
만년닭강정 본점,순살닭강정 (600g),10000, , , , 
만년닭강정 본점,뼈닭강정,18000, , , , 
만년닭강정 본점,순살후라이드 (600g),9000, , , , 
만년닭강정 본점,뼈후라이드,17000, , , , 
소담촌 유성점,월남쌈샤브정식 점심특선,14900, , , , 
소담촌 유성점,월남쌈버섯샤브정식 점심특선,16500, , , , 
소담촌 유성점,월남쌈샤브정식,16900, , , , 
소담촌 유성점,월남쌈 버섯샤브 정식,21900, , , , 
소담촌 유성점,스폐셜 샤브정식,26000, , , , 
소담촌 유성점,명품한우샤브정식,24500, , , , 
유성복집,복튀김 (10조각~14조각),0, , , , 
유성복집,복 수육 ( 한 접시 ) ( 2~3인분),0, , , , 
유성복집,해장복 (맑은탕/매운탕) 뚝배기/냄비 (1인분),13000, , , , 
유성복집,밀복 (맑은탕/매운탕) 뚝배기/냄비 (1인분),18000, , , , 
유성복집,까치복 (맑은탕/매운탕) 뚝배기/냄비 (1인분),20000, , , , 
유성복집,살아있는 활참복 (맑은탕/매운탕) 뚝배기/냄비 (1인분),45000, , , , 
하루팡,메론빵,2000, , , , 
아즈테킬라,타코 새우(3pcs),13900, , , , 
아즈테킬라,부리또 새우(2pcs),13900, , , , 
아즈테킬라,띵가밥,10900, , , , 
아즈테킬라,화이타 새우,21900, , , , 
아즈테킬라,타코 플레이트,39900, , , , 
아즈테킬라,구아까몰레 & 칩 샐러드,12000, , , , 
마장동김씨 봉명점,마장동 모듬(소),45000, , , , 
마장동김씨 봉명점,마장동 모듬(중),64000, , , , 
마장동김씨 봉명점,마장동 모듬(대),82000, , , , 
마장동김씨 봉명점,통삼겹살,15000, , , , 
마장동김씨 봉명점,천겹살,17000, , , , 
마장동김씨 봉명점,눈꽃목살,15000, , , , 
할매국수,칼국수,8000, , , , 
할매국수,칼만두,10000, , , , 
할매국수,만두전골 2인,25000, , , , 
할매국수,수육 (중),20000, , , , 
할매국수,잔치국수,7000, , , , 
할매국수,비빔국수,8000, , , , 
모쿠요비,차슈덮밥,10900, , , , 
모쿠요비,매운규동,12900, , , , 
모쿠요비,모모니쿠덮밥,9900, , , , 
모쿠요비,우삼겹과양파,12900, , , , 
모쿠요비,부타니쿠덮밥,9900, , , , 
모쿠요비,스테이크덮밥,12900, , , , 
샤브쌈주머니 대전유성점,평일 점심특선,14800, , , , 
샤브쌈주머니 대전유성점,소고기 샤브,16800, , , , 
코마,사시미 모리아와세(2인),50000, , , , 
코마,타치우오야끼,30000, , , , 
코마,로제시타이거새우,25000, , , , 
코마,도미머리조림,25000, , , , 
코마,에비 후라이,18000, , , , 
전통콩나물밥,콩나물밥,7000, , , , 
전통콩나물밥,두부두루치기,13000, , , , 
전통콩나물밥,오징어두루치기,15000, , , , 
전통콩나물밥,제육볶음,15000, , , , 
어장,강화갯벌장어,75000, , , , 
어장,야채모둠,15000, , , , 
어장,백합국수,9000, , , , 
어장,돌솥밥+장어탕,9000, , , , 
비단강장어,장어소금 구이정식,25000, , , , 
비단강장어,돌솥장어 덮밥,16000, , , , 
비단강장어,날치알돌솥 비빔밥,10000, , , , 
비단강장어,낙지돌솥 비빔밥,10000, , , , 
비단강장어,장어탕 (1인),8000, , , , 
금회세꼬시,뽈락세꼬시,75000, , , , 
금회세꼬시,쥐치세꼬시,70000, , , , 
금회세꼬시,참가자미세꼬시,75000, , , , 
금회세꼬시,문어숙회,35000, , , , 
금회세꼬시,해산물모둠,35000, , , , 
금회세꼬시,뽈락구이,45000, , , , 
모미지,한우숯불구이,31000, , , , 
모미지,메로구이,28000, , , , 
모미지,도미머리구이,26000, , , , 
모미지,연어머리구이,24000, , , , 
모미지,시샤모,16000, , , , 
모미지,명란구이,15000, , , , 
파스쿠찌 대전봉명점,그린티 라떼,5000, , , , 
파스쿠찌 대전봉명점,아메리카노,4500, , , , 
파스쿠찌 대전봉명점,에스프레소,3800, , , , 
파스쿠찌 대전봉명점,카페라떼,5000, , , , 
파스쿠찌 대전봉명점,카푸치노,5000, , , , 
파스쿠찌 대전봉명점,에스프레소 마끼아또,4300, , , , 
갯마을회수산 유성점,전어구이(1kg),28000, , , , 
갯마을회수산 유성점,전어무침(1kg),32000, , , , 
갯마을회수산 유성점,대하소금구이(1kg),45000, , , , 
갯마을회수산 유성점,대방어(1kg),45000, , , , 
갯마을회수산 유성점,통우럭구이(1kg),45000, , , , 
갯마을회수산 유성점,조개찜(소),45000, , , , 
유성주먹구이,생삼겹 주먹구이 (150g),13000, , , , 
유성주먹구이,생목살 (150g),13000, , , , 
유성주먹구이,생항정살 (150g),15000, , , , 
유성주먹구이,소갈비살 (150g),15000, , , , 
유성주먹구이,돼지막창 (170g),13000, , , , 
대장간,대장간의 한돈삼겹 (180g),15000, , , , 
대장간,대장간의 한돈목심 (180g),15000, , , , 
대장간,대장간의 양념돼지갈비 (200g),14000, , , , 
대장간,대장간의 한우등심,32000, , , , 
대장간,대장간의 한우채끝,32000, , , , 
대장간,대장간의 한우새우,35000, , , , 
유성해물칼국수,해물칼국수 (1인분),12000, , , , 
유성해물칼국수,수육 (소),15000, , , , 
유성해물칼국수,두부두루치기 (1인분),12000, , , , 
유성해물칼국수,오징어두부두루치기 (1인분),15000, , , , 
유성해물칼국수,32cm 해물파전,15000, , , , 
유성해물칼국수,돈까스,8000, , , , 
대흥칼국수,칼국수,9000, , , , 
대흥칼국수,콩국수,10000, , , , 
대흥칼국수,두부두루치기,15000, , , , 
대흥칼국수,족발 (중),12000, , , , 
대흥칼국수,족발 (대),20000, , , , 
대흥칼국수,제육볶음(2인),20000, , , , 
전주하우스,가마솥 김치찌개,13000, , , , 
전주하우스,솥뚜껑 생 삼겹살,16000, , , , 
전주하우스,가마솥 갈비김치찌개 (1인분) (2인 이상),15000, , , , 
전주하우스,가마솥 갈비김치전골 (소),39000, , , , 
회뜨는총각 봉명점,총각네 모둠회 (중),40000, , , , 
회뜨는총각 봉명점,대 방어회 (소),30000, , , , 
회뜨는총각 봉명점,광어+우럭 (소),20000, , , , 
회뜨는총각 봉명점,광어+우럭+방어,33000, , , , 
제비다방,초코아메리카노,3900, , , , 
제비다방,제비비엔나,6000, , , , 
제비다방,말차라떼,5600, , , , 
제비다방,밀크티,6000, , , , 
제비다방,레몬에이드,5900, , , , 
만나한우복수집,토시살(한마리),150000, , , , 
만나한우복수집,업진살(1인분),28000, , , , 
만나한우복수집,등심(1인분),26000, , , , 
만나한우복수집,육사시미(1인분),20000, , , , 
만나한우복수집,소주,5000, , , , 
만나한우복수집,맥주,5000, , , , 
택이네조개전골 봉명점,조개전골 (2인),39000, , , , 
택이네조개전골 봉명점,조개전골 (3인),49000, , , , 
택이네조개전골 봉명점,조개전골 (4인),59000, , , , 
택이네조개전골 봉명점,스페셜 조개전골,69000, , , , 
육화담길,T(L)본(1인분)(180g),23000, , , , 
육화담길,한우육사시미(200g),29000, , , , 
육화담길,돼지김치찌개,7000, , , , 
육화담길,차돌된장찌개,7000, , , , 
육화담길,우대갈비(1인분)(200g),23000, , , , 
육화담길,숙성소갈비살(1인분)(150g),17500, , , , 
황태고을,황태진국,18000, , , , 
황태고을,황태구이,10000, , , , 
신유성갈비,신유성생갈비 (200g),16000, , , , 
신유성갈비,수제양념갈비 (200g),12000, , , , 
신유성갈비,생삼겹살 (200g),15000, , , , 
투썸플레이스 유성봉명점,아메리카노,4500, , , , 
투썸플레이스 유성봉명점,카페라떼,5000, , , , 
갓포호산,에비센,12000, , , , 
갓포호산,새우크림고로케,15000, , , , 
갓포호산,스시 모리아와세,38000, , , , 
갓포호산,사시미 모리아와세 (2인),6500, , , , 
갓포호산,메로 미소야끼,27000, , , , 
진원미면옥,전어회,27000, , , , 
진원미면옥,전어구이,25000, , , , 
진원미면옥,전어회무침,29000, , , , 
진원미면옥,오징어회,25000, , , , 
진원미면옥,활어우럭,28000, , , , 
진원미면옥,열무국수,7000, , , , 
하이테이블 유성점,아메리카노,4500, , , , 
하이테이블 유성점,에이드,6000, , , , 
1984술마시는작업실 봉명점,부채살스테이크,25000, , , , 
1984술마시는작업실 봉명점,스페셜BBQ플레터,38000, , , , 
1984술마시는작업실 봉명점,쉬림프알리올리오,13000, , , , 
1984술마시는작업실 봉명점,베이컨크림파스타,13000, , , , 
1984술마시는작업실 봉명점,봉골레파스타,14000, , , , 
1984술마시는작업실 봉명점,비프크림파스타,14000, , , , 
설도 유성점,무한소고기,21500, , , , 
설도 유성점,7~초등학생,14500, , , , 
설도 유성점,5~6세,8500, , , , 
설도 유성점,소고기한판(500g),35000, , , , 
경성삼겹살,숙성꽃삼겹살 (170g),15000, , , , 
경성삼겹살,숙성 삼겹살 (170g),15000, , , , 
경성삼겹살,숙성 꽃목살 (170g),15000, , , , 
경성삼겹살,가브리살 (120g),15000, , , , 
경성삼겹살,항정살 (120g),16000, , , , 
우산정 본점,3단 편백찜,93000, , , , 
우산정 본점,2단 해물 편백찜,78000, , , , 
우산정 본점,2단 반반 편백찜,54000, , , , 
우산정 본점,2단 차돌 편백찜,38000, , , , 
대동집 대전봉명점,대동보쌈(중),26000, , , , 
대동집 대전봉명점,대동 깐쇼새우,18000, , , , 
대동집 대전봉명점,매콤 순대곱창 볶음,18000, , , , 
대동집 대전봉명점,대동알탕,18000, , , , 
대동집 대전봉명점,수제 고추튀김,15000, , , , 
애월장흥한우,흑돼지오겹살(150g),19000, , , , 
애월장흥한우,제주오겹살(150g),15000, , , , 
애월장흥한우,양념갈비(200g),13000, , , , 
애월장흥한우,우거지탕+가마솥밥,7000, , , , 
애월장흥한우,육회비빔밥,10000, , , , 
KFC 유성온천점,KFC추천팩,17900, , , , 
KFC 유성온천점,KFC시그니처팩,22900, , , , 
KFC 유성온천점,온가족모두팩,28800, , , , 
KFC 유성온천점,1994핫윙8조각,13000, , , , 
KFC 유성온천점,버터비스켓,2500, , , , 
KFC 유성온천점,핫크리스피치킨 5조각,14200, , , , 
나주홍어,국내산삼합 (1인),45000, , , , 
나주홍어,홍어애탕 (1인) (점심식사),15000, , , , 
꾸아 대전유성점,반세오,28000, , , , 
꾸아 대전유성점,직화 쌀국수,10500, , , , 
꾸아 대전유성점,왕갈비 쌀국수,15000, , , , 
꾸아 대전유성점,분짜,18000, , , , 
꾸아 대전유성점,시그니처 볶음밥,12000, , , , 
꾸아 대전유성점,고기듬뿍 쌀국수,13000, , , , 
파도수산 봉명점,숭어회,35000, , , , 
파도수산 봉명점,방어회(중),55000, , , , 
파도수산 봉명점,물회(2인),20000, , , , 
파도수산 봉명점,해물순두부탕,18000, , , , 
파도수산 봉명점,쭈꾸미볶음,18000, , , , 
박경람아란치니김밥,아란치니,7500, , , , 
박경람아란치니김밥,오색비빔밥,7500, , , , 
박경람아란치니김밥,무우즙 쌀떡볶이,5500, , , , 
박경람아란치니김밥,박경람김밥,4500, , , , 
박경람아란치니김밥,지중해키토제닉,5500, , , , 
박경람아란치니김밥,명란김밥,6500, , , , 
묘한식당,아롱사태수육,34000, , , , 
묘한식당,한우육회,25000, , , , 
묘한식당,새우나쵸,25000, , , , 
묘한식당,해장파스타,20000, , , , 
묘한식당,갑오징어 숙회,28000, , , , 
화원짚불구이 봉명점,우대갈비,22000, , , , 
화원짚불구이 봉명점,짚불삼겹살,16000, , , , 
화원짚불구이 봉명점,짚불통목살,16000, , , , 
남다른식탁,양고기구이,24000, , , , 
남다른식탁,가브리살구이,24000, , , , 
남다른식탁,칠리새우,18000, , , , 
남다른식탁,우삼겹 순두부 찌개,18000, , , , 
남다른식탁,오징어튀김,11000, , , , 
남다른식탁,날치알주먹밥,5000, , , , 
대신양대창 봉명점,소대창 (150g),15900, , , , 
대신양대창 봉명점,소막창 (150g),16500, , , , 
대신양대창 봉명점,곱창전골 (1인),18000, , , , 
대신양대창 봉명점,한우육사시미 (100g),11900, , , , 
대신양대창 봉명점,소특양(130g),18900, , , , 
대신양대창 봉명점,한우육회(100g),13900, , , , 
박봉명생갈비,생갈비소금구이,14000, , , , 
갓포회담 봉명점,회담런치코스,25000, , , , 
갓포회담 봉명점,디너B코스,68000, , , , 
갓포회담 봉명점,회담디너코스,48000, , , , 
미림양장,북경오리(반마리),38000, , , , 
미림양장,북경오리(한마리),75000, , , , 
미림양장,갈비튀김,18000, , , , 
미림양장,홍콩식에그누들볶음,10000, , , , 
김희선제육짜글이,제육짜글이(돌솥밥포함, 2인이상),12000, , , , 
김희선제육짜글이,계란말이,8000, , , , 
김희선제육짜글이,돌솥밥 추가,3000, , , , 
김희선제육짜글이,공기밥 추가,1500, , , , 
간사이,생선회,70000, , , , 
간사이,점심특선,20000, , , , 
구주 대전봉명점,홍짬뽕,21900, , , , 
구주 대전봉명점,백짬뽕,21900, , , , 
구주 대전봉명점,쿠시카츠모듬,19800, , , , 
구주 대전봉명점,가쓰오소고기숙주볶음,18900, , , , 
구주 대전봉명점,호르몬냄비전콜,29800, , , , 
구주 대전봉명점,오뎅니베,24900, , , , 
군자대한곱창 대전봉명점,한우모둠곱창,24900, , , , 
군자대한곱창 대전봉명점,대한모둠곱창,20900, , , , 
군자대한곱창 대전봉명점,매운양대창구이,19900, , , , 
군자대한곱창 대전봉명점,차돌모둠곱창,19900, , , , 
군자대한곱창 대전봉명점,모둠곱창,18900, , , , 
군자대한곱창 대전봉명점,한우소곱창,22900, , , , 
하레하레 유성점,아메리카노,3800, , , , 
하레하레 유성점,디카페인 아메리카노,3800, , , , 
하레하레 유성점,카페라떼,4500, , , , 
하레하레 유성점,디카페인 라떼,4500, , , , 
하레하레 유성점,하레 비엔나,5500, , , , 
하레하레 유성점,바닐라라떼,5300, , , , 
퐁당 유성점,소고기 샤브전골,9900, , , , 
퐁당 유성점,편백샤브무제한,21900, , , , 
보배반점 대전유성점,해물쟁반짜장,19000, , , , 
토리참치,A코스,100000, , , , 
토리참치,B코스,70000, , , , 
토리참치,C코스,50000, , , , 
토리참치,초밥,30000, , , , 
토리참치,우동,8000, , , , 
토리참치,라면,8000, , , , 
하이엔드미친등심,하이엔드 베이직,89000, , , , 
하이엔드미친등심,하이엔드 스페셜,99000, , , , 
하이엔드미친등심,하이엔드 VVIP,150000, , , , 
옥류관,생갈비 (200g),32000, , , , 
옥류관,수원갈비 (200g),25000, , , , 
옥류관,돼지갈비 (250g),15000, , , , 
옥류관,암돼지생삼겹살 (170g),15000, , , , 
옥류관,소불고기우렁쌈밥 (2인이상),14000, , , , 
옥류관,제육우렁쌈밥 (2인이상),12000, , , , 
단성무이 대전봉명점,가리비 도넛샤브,36900, , , , 
단성무이 대전봉명점,유린기,19500, , , , 
단성무이 대전봉명점,도넛마라샤브,27000, , , , 
단성무이 대전봉명점,구름샤브,30500, , , , 
단성무이 대전봉명점,산더미 수육전골,27000, , , , 
단성무이 대전봉명점,도넛 샤브,26000, , , , 
세겹식당 봉명점,삼겹살(150g),14000, , , , 
세겹식당 봉명점,한모청국장,7000, , , , 
세겹식당 봉명점,세겹김치찌개,8000, , , , 
세겹식당 봉명점,마라탕,8000, , , , 
세겹식당 봉명점,냉면,6000, , , , 
세겹식당 봉명점,비빔냉면,6000, , , , 
바다수퍼해물천하조개구이 대전유성점,굴구이,40000, , , , 
바다수퍼해물천하조개구이 대전유성점,석화회,20000, , , , 
바다수퍼해물천하조개구이 대전유성점,칼국수,7000, , , , 
바다수퍼해물천하조개구이 대전유성점,해물라면,6000, , , , 
바다수퍼해물천하조개구이 대전유성점,옛날돈까스,6000, , , , 
바다수퍼해물천하조개구이 대전유성점,새우소금구이,25000, , , , 
스타벅스 대전유성NC점,블랙 글레이즈드 라떼,6500, , , , 
스타벅스 대전유성NC점,아이스 블랙 글레이즈드 라떼,6500, , , , 
스타벅스 대전유성NC점,아이스 마롱 헤이즐넛 라떼,6700, , , , 
스타벅스 대전유성NC점,마롱 헤이즐넛 라떼,6700, , , , 
스타벅스 대전유성NC점,스퀴즈드 오렌지 주스 100ML,3800, , , , 
스타벅스 대전유성NC점,수박 주스 190ML,4500, , , , 
폴레폴레,크렘브륄레라떼,6500, , , , 
폴레폴레,아몬드 크림 라떼,6500, , , , 
폴레폴레,모히또 에이드,6500, , , , 
폴레폴레,바질 토마토 에이드,6500, , , , 
폴레폴레,딸기&블루베리 요거트 스무디,6500, , , , 
폴레폴레,말차&에스프레소 폴레치노,6500, , , , 
이백도씨,숙성삼겹,15000, , , , 
이백도씨,숙성목살,15000, , , , 
이백도씨,비빔냉면,6000, , , , 
이백도씨,물냉면,6000, , , , 
이백도씨,계란찜,3000, , , , 
이백도씨,미나리볶음밥,3000, , , , 
롯데리아 대전유성점,한우불고기버거,8600, , , , 
롯데리아 대전유성점,데리버거,3500, , , , 
롯데리아 대전유성점,치킨 하프팩(4조각),10900, , , , 
롯데리아 대전유성점,치킨휠레,3100, , , , 
롯데리아 대전유성점,티렉스버거,4800, , , , 
롯데리아 대전유성점,핫크리스피치킨버거,6000, , , , 
홍콩구락부 봉명점,오이탕탕이,4000, , , , 
홍콩구락부 봉명점,마라 닭냉채,11000, , , , 
홍콩구락부 봉명점,마라 사태무침,15000, , , , 
홍콩구락부 봉명점,홍콩 미니 족발,9500, , , , 
홍콩구락부 봉명점,모닝글로리,9000, , , , 
홍콩구락부 봉명점,모시조개 술찜,10000, , , , 
빵장수단팥빵 대전유성점,통단팥빵,2300, , , , 
빵장수단팥빵 대전유성점,생크림단팥빵,2800, , , , 
빵장수단팥빵 대전유성점,고구마앙꼬빵,2500, , , , 
빵장수단팥빵 대전유성점,밤앙꼬빵,2500, , , , 
빵장수단팥빵 대전유성점,야끼모찌빵,2300, , , , 
카페민트,아메리카노,4000, , , , 
카페민트,카페라떼,4500, , , , 
카페민트,녹차라떼,4500, , , , 
카페민트,복숭아주스,6000, , , , 
카페민트,딸기스무디,5500, , , , 
뼈먹자,뼈다귀해장국,9000, , , , 
뼈먹자,묵은지뼈해장국,10000, , , , 
뼈먹자,고사리뼈해장국,11000, , , , 
뼈먹자,편육,6000, , , , 
용용선생 대전봉명점,우육탕,14900, , , , 
용용선생 대전봉명점,우육탕면,14900, , , , 
용용선생 대전봉명점,게살계란탕,13900, , , , 
용용선생 대전봉명점,간장계란볶음밥,5900, , , , 
용용선생 대전봉명점,청경채볶음,7900, , , , 
용용선생 대전봉명점,어항가지새우,19900, , , , 
시오,시오특상 (1인) (디너),77000, , , , 
시오,시오 특 (1인) (디너),55000, , , , 
시오,시오 상 (1인) (디너),45000, , , , 
시오,A스시코스 (1인) (디너),55000, , , , 
시오,B스시코스 (1인) (디너),35000, , , , 
속풀이대소해장국,모듬수육(국물식)(중),37000, , , , 
속풀이대소해장국,선지해장국,8000, , , , 
속풀이대소해장국,능이버섯삼계탕,14000, , , , 
속풀이대소해장국,황태해장국,8000, , , , 
속풀이대소해장국,갈비탕,11000, , , , 
속풀이대소해장국,감자탕(중),27000, , , , 
고깃리88번지 대전봉명점,고깃리모둠,50000, , , , 
고깃리88번지 대전봉명점,오돌뼈,15000, , , , 
고깃리88번지 대전봉명점,목살반근,26000, , , , 
고깃리88번지 대전봉명점,삼겹살,13000, , , , 
고깃리88번지 대전봉명점,깍둑항정,15000, , , , 
고깃리88번지 대전봉명점,돼지갈비,16000, , , , 
팔각도 대전봉명점,숯불닭갈비,10900, , , , 
옐로우택시,나초,12000, , , , 
옐로우택시,육포,18000, , , , 
옐로우택시,카프레제 샐러드,21000, , , , 
옐로우택시,후레쉬 과일,27000, , , , 
옐로우택시,큐브 스테이크,25000, , , , 
옐로우택시,카스,5000, , , , 
라스트춘선 대전봉명점,한우 모츠나베,30000, , , , 
라스트춘선 대전봉명점,카라이 모츠나베,30000, , , , 
라스트춘선 대전봉명점,정춘선 샤브나베,27000, , , , 
라스트춘선 대전봉명점,정춘선 곱도리탕,35000, , , , 
라스트춘선 대전봉명점,항정삼합,28000, , , , 
라스트춘선 대전봉명점,닭다리살 대파,21000, , , , 
럭스라운지클럽,디너코스,120000, , , , 
럭스라운지클럽,칵테일,12000, , , , 
럭스라운지클럽,와인,120000, , , , 
럭스라운지클럽,샴페인,89000, , , , 
동낙스시,우동,8000, , , , 
별찌,칠리새우,20000, , , , 
별찌,옛날통닭,15000, , , , 
별찌,큐브스테이크,23000, , , , 
별찌,계절과일,30000, , , , 
별찌,시사모구이,15000, , , , 
야키토리잔잔 대전봉명점,참치타다끼,25000, , , , 
야키토리잔잔 대전봉명점,채끝살타다끼,28000, , , , 
야키토리잔잔 대전봉명점,오꼬노미야끼,22000, , , , 
야키토리잔잔 대전봉명점,한우차돌박이 숙주볶음,25000, , , , 
야키토리잔잔 대전봉명점,새우먹물크림파스타,20000, , , , 
야키토리잔잔 대전봉명점,키조개관자 버터야끼,22000, , , , 
송탄최네집 대전직영점,부대찌개(1인분),11000, , , , 
송탄최네집 대전직영점,로스베이컨구이(200g)(2인이상),11000, , , , 
엄마식당,촌돼지찌개 (1인분),9000, , , , 
엄마식당,고등어조림 (1인분),9000, , , , 
엄마식당,촌돼지고추장볶음 (중),25000, , , , 
엄마식당,촌돼지고추장볶음 (소),20000, , , , 
교촌치킨 유성점,교촌오리지날,19000, , , , 
교촌치킨 유성점,교촌콤보,22000, , , , 
교촌치킨 유성점,교촌윙,22000, , , , 
교촌치킨 유성점,교촌허니오리지날,19000, , , , 
교촌치킨 유성점,교촌허니콤보,23000, , , , 
교촌치킨 유성점,교촌레드오리지날,20000, , , , 
할매숯골,소머리수육,35000, , , , 
할매숯골,주먹구이삼겹살,15000, , , , 
할매숯골,물냉면,8000, , , , 
할매숯골,비빔냉면,8000, , , , 
할매숯골,왕만두,6000, , , , 
더스크래치,Lunch 성인(주말,공휴일),99000, , , , 
더스크래치,Dinner 성인,99000, , , , 
더스크래치,Lunch 소인(평일),35000, , , , 
더스크래치,Lunch 소인(주말,공휴일),50000, , , , 
더스크래치,Dinner 소인,50000, , , , 
더스크래치,Lunch 성인(평일),69000, , , , 
관저명태촌 봉명점,매콤명태조림(소),29000, , , , 
관저명태촌 봉명점,얼큰이동태탕(소),20000, , , , 
관저명태촌 봉명점,얼큰가오리찜,49000, , , , 
관저명태촌 봉명점,고등어생선구이,12000, , , , 
관저명태촌 봉명점,옛날돈까스,8000, , , , 
유성각 본점,유니짜장,7000, , , , 
유성각 본점,간짜장,8000, , , , 
유성각 본점,짬뽕,8000, , , , 
유성각 본점,우동,8000, , , , 
유성각 본점,울면,8000, , , , 
유성각 본점,삼선짜장,10000, , , , 
봉명텐동,봉명텐동,10000, , , , 
태백산갈비김치찌개,짜글이(1인),10000, , , , 
태백산갈비김치찌개,삼겹살 고추장 불고기 (1인),10000, , , , 
태백산갈비김치찌개,육계장,8000, , , , 
태백산갈비김치찌개,얼큰이샤브칼국수(1인),8000, , , , 
태백산갈비김치찌개,오징어 두부두루치기 (대),23000, , , , 
태백산갈비김치찌개,오징어 두부두루치기 (중),18000, , , , 
포티엔차이나,유린기(중),23000, , , , 
포티엔차이나,유린기(대),34000, , , , 
포티엔차이나,간쇼중새우(중),25000, , , , 
포티엔차이나,간쇼중새우(대),37000, , , , 
포티엔차이나,크림탕수육(소),14000, , , , 
회장님댁 봉명점,회장님스지탕,26000, , , , 
회장님댁 봉명점,LA갈비,25000, , , , 
회장님댁 봉명점,모츠나베,23000, , , , 
회장님댁 봉명점,회장님한판,25000, , , , 
회장님댁 봉명점,밀푀유나베(한정판매),23000, , , , 
회장님댁 봉명점,김치전골,19000, , , , 
공릉동원조멸치국수 유성점,멸치국수,6000, , , , 
공릉동원조멸치국수 유성점,비빔국수,7000, , , , 
공릉동원조멸치국수 유성점,칼국수,8000, , , , 
공릉동원조멸치국수 유성점,떡만두국,8000, , , , 
공릉동원조멸치국수 유성점,찐만두,7000, , , , 
짬뽕관 대전유성점,짬뽕,10000, , , , 
짬뽕관 대전유성점,순두부짬뽕,11000, , , , 
짬뽕관 대전유성점,차슈짬뽕,12000, , , , 
짬뽕관 대전유성점,차돌짬뽕,13000, , , , 
짬뽕관 대전유성점,마라짬뽕,12000, , , , 
짬뽕관 대전유성점,마라볶음면,13000, , , , 
옛날아우내순대 유성점,순수세트,11900, , , , 
옛날아우내순대 유성점,순곱새세트,17900, , , , 
옛날아우내순대 유성점,순대국밥,7000, , , , 
옛날아우내순대 유성점,돼지국밥,8000, , , , 
옛날아우내순대 유성점,선지해장국,8000, , , , 
옛날아우내순대 유성점,양평해장국,10000, , , , 
미소본가스마일칼국수 봉명점,손칼국수,7000, , , , 
미소본가스마일칼국수 봉명점,비빔칼국수,8000, , , , 
미소본가스마일칼국수 봉명점,김밥,6000, , , , 
미소본가스마일칼국수 봉명점,수육 (소),17000, , , , 
미소본가스마일칼국수 봉명점,고기김치전,12000, , , , 
미소본가스마일칼국수 봉명점,손콩국수 (여름별미),9000, , , , 
쎄시마몽드,아메리카노,4000, , , , 
쎄시마몽드,라떼(M),5000, , , , 
쎄시마몽드,엑설런트 라떼,5500, , , , 
쎄시마몽드,크림아몬드라떼,6000, , , , 
쎄시마몽드,패션망고소다,6000, , , , 
형제들감자탕&온천면옥,감자탕(대),44000, , , , 
형제들감자탕&온천면옥,뼈찜(대),48000, , , , 
형제들감자탕&온천면옥,뼈구이(대),48000, , , , 
형제들감자탕&온천면옥,뼈해장국,9000, , , , 
형제들감자탕&온천면옥,메밀막국수,9000, , , , 
형제들감자탕&온천면옥,메밀비빔막국수,10000, , , , 
통영굴이랑전복이랑 본점,전복코스,90000, , , , 
통영굴이랑전복이랑 본점,굴국밥,10000, , , , 
통영굴이랑전복이랑 본점,굴순두부,10000, , , , 
통영굴이랑전복이랑 본점,굴해장국,10000, , , , 
통영굴이랑전복이랑 본점,굴버섯돌솥밥,11000, , , , 
통영굴이랑전복이랑 본점,굴물회,13000, , , , 
허성준보쌈 유성점,스페셜보쌈 5~6인,51000, , , , 
허성준보쌈 유성점,족발 (특) 5~6인,47000, , , , 
허성준보쌈 유성점,족발 (대) 4~5인,41000, , , , 
허성준보쌈 유성점,족발 (중) 3~4인,37000, , , , 
허성준보쌈 유성점,족발 (소) 2~3인,31000, , , , 
허성준보쌈 유성점,보쌈 (특) 5~6인,47000, , , , 
한우정육식당,한우암소 1+갈비살(400g),69000, , , , 
한우정육식당,한우암소 1+등심(400g),69000, , , , 
한우정육식당,한우암소 1++등심(400g),99000, , , , 
한우정육식당,한우암소 1+부채살(400g),75000, , , , 
한우정육식당,한우암소 1+안창살(400g),135000, , , , 
한우정육식당,한우암소 1+살치살(400g),130000, , , , 
오드비,Wild Flower,18000, , , , 
오드비,Negroni,17000, , , , 
오드비,Old Fashioned,22000, , , , 
오드비,Rusty Nail,18000, , , , 
오드비,Faust,16000, , , , 
봉명데이,두부김치,22000, , , , 
봉명데이,치즈불닭,25000, , , , 
봉명데이,무뼈치즈닭발,25000, , , , 
봉명데이,과일플레이트,28000, , , , 
봉명데이,오뎅탕,22000, , , , 
봉명데이,만두탕,24000, , , , 
숯골원냉면갈비,토종닭백숙,35000, , , , 
숯골원냉면갈비,꿩냉면,13000, , , , 
숯골원냉면갈비,꿩온면,13000, , , , 
숯골원냉면갈비,물냉면,9000, , , , 
숯골원냉면갈비,비빔냉면,9000, , , , 
파시,참치마끼,18000, , , , 
파시,미니 장어덮밥,12000, , , , 
파시,미니 안키모덮밥,8000, , , , 
파시,고토우동,7500, , , , 
파시,사누끼우동,5500, , , , 
파시,흰살스시 한판 (8pcs),23000, , , , 
원탁,김치마제볶음우동,13000, , , , 
원탁,간장팝콘만두,11000, , , , 
원탁,우삼겹와사비,19000, , , , 
원탁,순대볶음,19000, , , , 
원탁,닭다리살강정,23000, , , , 
원탁,꽃게어묵탕,22000, , , , 
노마드 본점,구이 2인세트(450g),75000, , , , 
노마드 본점,노마드세트 프랜치랙 8대+명란구이,150000, , , , 
노마드 본점,양갈비 숄더랙(200g),32000, , , , 
노마드 본점,프렌치 랙(200g),36000, , , , 
노마드 본점,등심(150g),30000, , , , 
수안초밥,초밥1접시,1590, , , , 
수안초밥,연어뱃살초밥,1590, , , , 
수안초밥,초새우초밥,1590, , , , 
수안초밥,가리비스테이크초밥,1590, , , , 
수안초밥,간장새우초밥,1590, , , , 
수안초밥,홍민어초밥,1590, , , , 
할머니딸곱창 봉명점,무한리필 (1인),27900, , , , 
할머니딸곱창 봉명점,무한리필 (1인) (8세~10세),16000, , , , 
할머니딸곱창 봉명점,무한리필 (1인) (5세~7세),10000, , , , 
할머니딸곱창 봉명점,모듬구이 Set (430g),40000, , , , 
할머니딸곱창 봉명점,양대곱Set (550g),59500, , , , 
할머니딸곱창 봉명점,맛보기 곱창전골,12000, , , , 
동경참치 유성점,실장스페셜,110000, , , , 
동경참치 유성점,로얄참치,90000, , , , 
동경참치 유성점,골드참치,70000, , , , 
동경참치 유성점,스페셜참치,50000, , , , 
동경참치 유성점,참치초밥,10000, , , , 
소언,진갈비 (100g),22000, , , , 
소언,등심 (100g),21000, , , , 
소언,살치 (100g),19000, , , , 
소언,안창 (100g),18000, , , , 
소언,토시 (100g),16000, , , , 
소언,부채 (100g),16000, , , , 
육남매,꽃게탕 (소),35000, , , , 
육남매,꽃게찜,60000, , , , 
육남매,꽃게무침,27000, , , , 
육남매,간장게장,27000, , , , 
육남매,홍어무침,28000, , , , 
육남매,한방녹두삼계탕,12000, , , , 
한식요리주점이립,이립뚝배기솥밥,12000, , , , 
한식요리주점이립,일본식고기튀김,12000, , , , 
한식요리주점이립,고추장크림뇨끼,20000, , , , 
한식요리주점이립,제철굴튀김,16000, , , , 
한식요리주점이립,백골뱅이조개전골,28000, , , , 
한식요리주점이립,제철굴새우미나리전,19000, , , , 
피자몰 NC대전유성점,평일런치,12900, , , , 
피자몰 NC대전유성점,평일 디너,15900, , , , 
피자몰 NC대전유성점,주말, 공휴일,17900, , , , 
피자몰 NC대전유성점,어린이(초등학생),9900, , , , 
피자몰 NC대전유성점,미취학아동(36개월 이상),5900, , , , 
왔다삼겹살,왔다 대패삼겹살 (100g),4000, , , , 
왔다삼겹살,꽃 차돌 (100g),6000, , , , 
왔다삼겹살,왕소금목살 (130g),6000, , , , 
왔다삼겹살,생삼겹살 (150g),10000, , , , 
왔다삼겹살,양념왕갈비,10000, , , , 
진짜무쇠삼겹 대전봉명점,진짜숙성삼겹살 (소) (400g),34000, , , , 
진짜무쇠삼겹 대전봉명점,진짜숙성삼겹살 (대) (600g),49000, , , , 
원조부산할매낙지볶음,낙지볶음 (1인),11000, , , , 
원조부산할매낙지볶음,산낙지볶음 (1인),20000, , , , 
원조부산할매낙지볶음,산낙지버섯전골 (1인),20000, , , , 
원조부산할매낙지볶음,낙지곱창전골 (1인),20000, , , , 
원조부산할매낙지볶음,박속연포탕 (소),55000, , , , 
원조부산할매낙지볶음,박속연포탕 (대),65000, , , , 
진수곱창 대전봉명점,소곱창구이 (180g),17900, , , , 
진수곱창 대전봉명점,소막창구이 (180g),17900, , , , 
진수곱창 대전봉명점,소대창구이 (180g),17900, , , , 
진수곱창 대전봉명점,차돌박이 (180g),13900, , , , 
진수곱창 대전봉명점,곱창전골 (350g),37000, , , , 
형제돌구이,삼겹살 (1인분),13000, , , , 
왕가장수촌,닭누룽지백숙,46000, , , , 
왕가장수촌,오리누룽지백숙,56000, , , , 
왕가장수촌,쟁반막국수,15000, , , , 
왕가장수촌,오리훈제,59000, , , , 
화덕고깃간 유성봉명점,삼겹살,14000, , , , 
화덕고깃간 유성봉명점,특목살,14000, , , , 
화덕고깃간 유성봉명점,항정살,15000, , , , 
화덕고깃간 유성봉명점,가브리살,14000, , , , 
화덕고깃간 유성봉명점,생오리,23000, , , , 
라카시타 봉명점,나초피자,21000, , , , 
라카시타 봉명점,칵테일쉬림프,16900, , , , 
라카시타 봉명점,김치칠리 치즈감자튀김,15900, , , , 
라카시타 봉명점,버터구이 오징어땅콩,16900, , , , 
라카시타 봉명점,나초볼케이노,19900, , , , 
라카시타 봉명점,모둠튀김,20900, , , , 
카페에쏘,아메리카노,4000, , , , 
카페에쏘,아인슈페너,6000, , , , 
유성왕수산 유성본점,광어(2~3인 기준),35000, , , , 
유성왕수산 유성본점,우럭(2~3인 기준),35000, , , , 
유성왕수산 유성본점,광어+우럭(중),40000, , , , 
유성왕수산 유성본점,도미,70000, , , , 
유성왕수산 유성본점,줄돔,90000, , , , 
유성왕수산 유성본점,강도다리,50000, , , , 
14번길레스토랑,알리오 올리오,19000, , , , 
14번길레스토랑,봉골레 파스타,19000, , , , 
14번길레스토랑,포모도로,19000, , , , 
14번길레스토랑,안심 크림 파스타,25000, , , , 
14번길레스토랑,수비드 버섯 오일 파스타,23000, , , , 
14번길레스토랑,루꼴라 감베로니 크레마,23000, , , , 
리얼한우정육식당,육회 (200g),24000, , , , 
리얼한우정육식당,육사시미 (200g),28000, , , , 
리얼한우정육식당,리얼 모듬셋트,14000, , , , 
리얼한우정육식당,등심 (100g),15000, , , , 
리얼한우정육식당,갈비살 (100g),16000, , , , 
리얼한우정육식당,안창살 (100g),32000, , , , 
김형제고기의철학 대전봉명점,이베리코 꽃목살,17000, , , , 
김형제고기의철학 대전봉명점,국내산 뼈삼겹살,16000, , , , 
김형제고기의철학 대전봉명점,이베리코 갈비살,18000, , , , 
김형제고기의철학 대전봉명점,국내산 숙성생목살,16000, , , , 
김형제고기의철학 대전봉명점,국내산 항정살,18000, , , , 
김형제고기의철학 대전봉명점,한우 살치살,39000, , , , 
파파존스 대전유성점,크리스피 치즈 트리플 피자 TH,33900, , , , 
파파존스 대전유성점,크리스피 치즈 페퍼로니 피자 TH,31900, , , , 
파파존스 대전유성점,수퍼 파파스 L,28500, , , , 
파파존스 대전유성점,존스 페이버릿 L,29500, , , , 
파파존스 대전유성점,올미트 L,29500, , , , 
파파존스 대전유성점,스파이시 치킨랜치 L,29500, , , , 
개코네포차,꼬막무침,25000, , , , 
개코네포차,알탕,18000, , , , 
개코네포차,오징어볶음,18000, , , , 
개코네포차,고등어구이,13000, , , , 
개코네포차,임연수조림,16000, , , , 
주연,주연,0, , , , 
정통춘천닭갈비 봉명점,정통춘천닭갈비,13000, , , , 
정통춘천닭갈비 봉명점,치즈닭갈비,14000, , , , 
정통춘천닭갈비 봉명점,낙지닭갈비,15000, , , , 
정통춘천닭갈비 봉명점,닭내장볶음,15000, , , , 
정통춘천닭갈비 봉명점,춘천 물 막국수,8000, , , , 
얼큰이공주칼국수,얼큰이칼국수,8000, , , , 
얼큰이공주칼국수,쭈꾸미볶음(1인),10000, , , , 
얼큰이공주칼국수,쭈삼볶음(1인),10000, , , , 
얼큰이공주칼국수,얼큰이세트(칼국수+꼬마김밥2줄),9000, , , , 
얼큰이공주칼국수,순한세트(칼국수+꼬마김밥2줄),9000, , , , 
얼큰이공주칼국수,순한칼국수,8000, , , , 
모토이시 봉명점,늑간살,17800, , , , 
모토이시 봉명점,업진살,18800, , , , 
모토이시 봉명점,와규우설,22000, , , , 
모토이시 봉명점,와규소꼬리,20900, , , , 
모토이시 봉명점,부채살,20900, , , , 
모토이시 봉명점,삼각살,21900, , , , 
기봉이김밥 봉명점,기봉이김밥,3500, , , , 
기봉이김밥 봉명점,참치 김밥,4500, , , , 
기봉이김밥 봉명점,라면,4000, , , , 
기봉이김밥 봉명점,쫄면,6500, , , , 
기봉이김밥 봉명점,김치볶음밥,7500, , , , 
기봉이김밥 봉명점,치즈돈가스,8500, , , , 
소담족발 유성점,반상 세트,51000, , , , 
소담족발 유성점,돼지꼬리 (소),22000, , , , 
소담족발 유성점,직화불 돼지 꼬리 (소),23000, , , , 
소담족발 유성점,튀김 돼지 꼬리 (소),23000, , , , 
소담족발 유성점,미니족발 (소),22000, , , , 
소담족발 유성점,족발 or 보쌈 (소),29000, , , , 
도문양꼬치 본점,양꼬치(1인),12000, , , , 
도문양꼬치 본점,수제물만두,6000, , , , 
도문양꼬치 본점,탕수육(중),13000, , , , 
도문양꼬치 본점,감자볶음,12000, , , , 
도문양꼬치 본점,순대,15000, , , , 
남도복국 유성봉명점,밀복국,6800, , , , 
남도복국 유성봉명점,복껍질무침,10000, , , , 
남도복국 유성봉명점,복튀김,15000, , , , 
남도복국 유성봉명점,복불고기,14000, , , , 
남도복국 유성봉명점,등심돈까스,8000, , , , 
유성닭발 봉명점,뼈닭발,18000, , , , 
유성닭발 봉명점,무뼈닭발,18000, , , , 
유성닭발 봉명점,소금똥집,17000, , , , 
유성닭발 봉명점,후라이드치킨,17000, , , , 
유성닭발 봉명점,영계통닭,13000, , , , 
파리바게뜨 유성푸르지오점,빅 아이스 아메리카노,4300, , , , 
데일리오아시스 대전유성점,아메리카노 (R),4500, , , , 
데일리오아시스 대전유성점,카페라떼 (R),5000, , , , 
데일리오아시스 대전유성점,바닐라빈라떼 (R),6000, , , , 
데일리오아시스 대전유성점,더치커피 (R),5500, , , , 
데일리오아시스 대전유성점,아인슈페너 (R),5500, , , , 
데일리오아시스 대전유성점,레몬허니진저티 (R),6000, , , , 
무쇠김치삼겹 대전봉명점,무쇠김치삼겹,10500, , , , 
무쇠김치삼겹 대전봉명점,김치전골 한판,7000, , , , 
무쇠김치삼겹 대전봉명점,김치전골 고기추가,5000, , , , 
무쇠김치삼겹 대전봉명점,생칼국수사리,3000, , , , 
풍바오 봉명점,바오의 히나베,24000, , , , 
풍바오 봉명점,대창 소고기 나베,19000, , , , 
풍바오 봉명점,돈까츠 김치나베,10900, , , , 
풍바오 봉명점,따끈한 어묵탕,13900, , , , 
풍바오 봉명점,맑은조개탕,10900, , , , 
풍바오 봉명점,게살계란탕,10900, , , , 
본죽&비빔밥cafe 대전유성온천역점,곤드레비빔밥,10000, , , , 
본죽&비빔밥cafe 대전유성온천역점,낙지김치죽,11000, , , , 
본죽&비빔밥cafe 대전유성온천역점,녹두죽,9000, , , , 
본죽&비빔밥cafe 대전유성온천역점,단호박죽,10500, , , , 
본죽&비빔밥cafe 대전유성온천역점,동지팥죽,10000, , , , 
본죽&비빔밥cafe 대전유성온천역점,매콤낙지비빔밥,12000, , , , 
미분당 유성온천역점,차돌박이 쌀국수,9500, , , , 
미분당 유성온천역점,양지 쌀국수,11000, , , , 
미분당 유성온천역점,차돌양지 쌀국수,11500, , , , 
미분당 유성온천역점,차돌양지힘줄 쌀국수,12000, , , , 
미분당 유성온천역점,힘줄 쌀국수,13000, , , , 
미분당 유성온천역점,모듬전식,8500, , , , 
금토고기 대전봉명점,돼지생갈비,16000, , , , 
금토고기 대전봉명점,생삼겹살,15000, , , , 
금토고기 대전봉명점,김치찌개,8000, , , , 
금토고기 대전봉명점,된장찌개,5000, , , , 
금토고기 대전봉명점,잔치국수,5000, , , , 
금토고기 대전봉명점,주먹밥,3000, , , , 
육향 봉명점,숙성 우대갈비,27900, , , , 
육향 봉명점,숙성 통삼겹살,13900, , , , 
육향 봉명점,숙성 생목살,13900, , , , 
육향 봉명점,꽃게/차돌 된장찌개,6900, , , , 
육향 봉명점,계란찜,4000, , , , 
육향 봉명점,육향냉면,7900, , , , 
뭉탱이김밥 봉명1호점,뭉탱이(대표),3500, , , , 
뭉탱이김밥 봉명1호점,야채뭉탱이,4000, , , , 
뭉탱이김밥 봉명1호점,치즈뭉탱이,4500, , , , 
뭉탱이김밥 봉명1호점,참치뭉탱이,4800, , , , 
뭉탱이김밥 봉명1호점,땡초뭉탱이,4800, , , , 
뭉탱이김밥 봉명1호점,모듬물탱이,4800, , , , 
베니스레스토랑,삼겹반상,8900, , , , 
베니스레스토랑,소불고기볶음반상,10900, , , , 
베니스레스토랑,돼지김치볶음,8900, , , , 
베니스레스토랑,냉삼겹구이 반상,8900, , , , 
베니스레스토랑,[인기]생삼겹구이 반상,11900, , , , 
베니스레스토랑,매콤 제육볶음,8900, , , , 
진성아구찜 대전봉명점,아구찜(소),18000, , , , 
진성아구찜 대전봉명점,아구찜(중),27000, , , , 
진성아구찜 대전봉명점,해물찜(커플),25000, , , , 
진성아구찜 대전봉명점,해물아구찜(소),40000, , , , 
진성아구찜 대전봉명점,대구뽈찜(소),22000, , , , 
타코앤칩스,파히타세트(2인),39000, , , , 
타코앤칩스,엔칠라다세트(2인),39000, , , , 
타코앤칩스,타코세트(2인),37000, , , , 
타코앤칩스,보울(치킨or포크),9500, , , , 
타코앤칩스,파히타(단품),23000, , , , 
타코앤칩스,엔칠라다,23000, , , , 
파스쿠찌 유성온천역점,아이스아메리카노,4500, , , , 
갈마골초가김치 봉명직영점,두부수육김치,32000, , , , 
갈마골초가김치 봉명직영점,수육김치,32000, , , , 
갈마골초가김치 봉명직영점,홍어삼합김치,35000, , , , 
갈마골초가김치 봉명직영점,생갈비김치전골,27000, , , , 
갈마골초가김치 봉명직영점,김치찌개(1인),10000, , , , 
갈마골초가김치 봉명직영점,수육김치백반(1인),13000, , , , 
우니코 레스토랑카페,롱블랙,4000, , , , 
우니코 레스토랑카페,초코라떼,5500, , , , 
우니코 레스토랑카페,수제 레몬에이드,6000, , , , 
우니코 레스토랑카페,복숭아 아이스티,6000, , , , 
놀부전,동태전,15000, , , , 
놀부전,녹두전,14000, , , , 
놀부전,육전,20000, , , , 
놀부전,닭볶음탕,28000, , , , 
놀부전,짜글이찌개,18000, , , , 
예전손칼국시전문점,칼국수,7000, , , , 
예전손칼국시전문점,콩국수,9000, , , , 
예전손칼국시전문점,손수제비,8000, , , , 
초장집 대전봉명점,막회(큰접시),50000, , , , 
초장집 대전봉명점,막회(작은접시),38000, , , , 
초장집 대전봉명점,새뱅이탕,25000, , , , 
초장집 대전봉명점,알곤이찜,28000, , , , 
초장집 대전봉명점,알탕,28000, , , , 
초장집 대전봉명점,순살양념게장밥,15000, , , , 
가보소짬뽕,등심탕수육 (소),12000, , , , 
가보소짬뽕,크림새우 (소),23000, , , , 
가보소짬뽕,삼선짬뽕,9000, , , , 
가보소짬뽕,하얀짬뽕,8000, , , , 
가보소짬뽕,유슬짬뽕,8000, , , , 
가보소짬뽕,가보소짬뽕,7000, , , , 
하늘천숯불갈비 대전유성점,소양념갈비,35000, , , , 
하늘천숯불갈비 대전유성점,돼지갈비,17000, , , , 
하늘천숯불갈비 대전유성점,갈비탕,15000, , , , 
하늘천숯불갈비 대전유성점,한우육회비빔밥,15000, , , , 
하늘천숯불갈비 대전유성점,돼지통삼겹,16000, , , , 
하늘천숯불갈비 대전유성점,돼지생갈비,16000, , , , 
무양도원,살치살(150g),26000, , , , 
무양도원,등심(150g),24000, , , , 
무양도원,양갈비(200g),28000, , , , 
무양도원,프렌치렉(200g),32000, , , , 
무양도원,공기밥,1000, , , , 
무양도원,냉코쇼면,4000, , , , 
소아브,모닝세트,9500, , , , 
소아브,아메리카노,4500, , , , 
소아브,카페라떼,5500, , , , 
소아브,바닐라라떼,6000, , , , 
소아브,카푸치노,6000, , , , 
소아브,아포가토,6000, , , , 
온담,직각목살,14000, , , , 
온담,온겹살,14000, , , , 
온담,온백살,14000, , , , 
온담,온담비빔국수,6000, , , , 
온담,라면된장전골,5000, , , , 
곱창고 봉명점,한우곱창구이,19900, , , , 
곱창고 봉명점,대창구이,16900, , , , 
곱창고 봉명점,막창,12900, , , , 
곱창고 봉명점,염통구이,12900, , , , 
곱창고 봉명점,특양구이,19900, , , , 
곱창고 봉명점,곱창구이,12900, , , , 
회랑스시랑,도다리쑥국,17000, , , , 
회랑스시랑,물메기탕,17000, , , , 
회랑스시랑,실장스페셜 코스,70000, , , , 
회랑스시랑,특사시미 코스,55000, , , , 
회랑스시랑,사시미 코스,45000, , , , 
회랑스시랑,특정식,35000, , , , 
윤가네해장국,뼈다귀해장국,10000, , , , 
윤가네해장국,갈비김치전골 (소),34000, , , , 
윤가네해장국,뼈다귀감자탕 (소),30000, , , , 
윤가네해장국,콩나물해장국,7000, , , , 
윤가네해장국,황태해장국,9000, , , , 
윤가네해장국,갈비김치전골 (중),42000, , , , 
소란,하이볼,8000, , , , 
소란,커스터드 푸딩,6500, , , , 
소란,칵테일,9000, , , , 
소란,와인,10000, , , , 
소란,위스키,7000, , , , 
소란,감자튀김,7000, , , , 
생고기연구소 유성온천점,생삼겹살 한판,21900, , , , 
생고기연구소 유성온천점,생삼겹살 한판+스톤스테이크,29900, , , , 
생고기연구소 유성온천점,소한마리,29900, , , , 
생고기연구소 유성온천점,소한마리+스톤스테이크,39900, , , , 
생고기연구소 유성온천점,스톤 스테이크 (1인),9900, , , , 
김대감 봉명점,한우국밥,9000, , , , 
김대감 봉명점,소머리곰탕,10000, , , , 
김대감 봉명점,한우곱창전골 (중),38000, , , , 
김대감 봉명점,소머리수육,38000, , , , 
김대감 봉명점,한우 아롱사태,38000, , , , 
스시세이도,런치 스시 오마카세,60000, , , , 
스시세이도,디너 스시 오마카세,110000, , , , 
피즈,모듬 사시미,32000, , , , 
제주똥돼지오겹살 봉명동직영점,제주오겹살,14000, , , , 
제주똥돼지오겹살 봉명동직영점,제주생목살,14000, , , , 
제주똥돼지오겹살 봉명동직영점,소갈비살,15000, , , , 
제주똥돼지오겹살 봉명동직영점,대구막창,12000, , , , 
제주똥돼지오겹살 봉명동직영점,홍탁,15000, , , , 
호박 꽃마차 봉명점,마차 모리 아와세(2인),63000, , , , 
청학동양푼이동태찌개,동태찌개,10000, , , , 
청학동양푼이동태찌개,코다리찜 (중),35000, , , , 
청학동양푼이동태찌개,동태전 (중),13000, , , , 
청학동양푼이동태찌개,매운족발,19000, , , , 
청학동양푼이동태찌개,미니족발,8000, , , , 
청학동양푼이동태찌개,물만두,6000, , , , 
삼바리,닭발숯불구이+산낙지숯불구이(2마리),63000, , , , 
삼바리,산낙지숯불구이(2마리),40000, , , , 
삼바리,문어숯불구이,40000, , , , 
삼바리,닭발숯불구이,25000, , , , 
삼바리,얼큰조개해물탕(동양),50000, , , , 
삼바리,조개탕(스탠다드용),45000, , , , 
비머스트 봉명점,플레인 휘낭시에,3000, , , , 
비머스트 봉명점,솔티카라멜 휘낭시에,3200, , , , 
비머스트 봉명점,인절미찰떡 휘낭시에,3200, , , , 
천복삼겹살,삼겹살,13000, , , , 
천복삼겹살,항정살,14000, , , , 
천복삼겹살,이베리코목살,14000, , , , 
천복삼겹살,청국장,8000, , , , 
천복삼겹살,갈비김치찌개,8000, , , , 
온니 요리주점,할라피뇨 치킨,19000, , , , 
온니 요리주점,배추술찜,28000, , , , 
온니 요리주점,김치치즈튀김밥,10000, , , , 
온니 요리주점,차돌 버섯 전골,31000, , , , 
온니 요리주점,닭전,15000, , , , 
온니 요리주점,피자토스트,6000, , , , 
늘봄한우,늘봄스페샬 (100g),26000, , , , 
늘봄한우,생갈비 (100g),26000, , , , 
늘봄한우,안창살 (100g),26000, , , , 
늘봄한우,꽃등심 (100g),18600, , , , 
늘봄한우,돼지갈비 (250g),13000, , , , 
늘봄한우,다이아몬드삼겹살 (500g),36000, , , , 
쥬뗌치킨 유성봉명점,치즈파닭,19000, , , , 
쥬뗌치킨 유성봉명점,타꼬야끼 치킨,18000, , , , 
쥬뗌치킨 유성봉명점,허브크리스피치킨,16000, , , , 
쥬뗌치킨 유성봉명점,오리지널로스트치킨,17000, , , , 
쥬뗌치킨 유성봉명점,오블갈릭치킨,22000, , , , 
쥬뗌치킨 유성봉명점,골뱅이무침사리,20000, , , , 
짬뽕의진수,짬뽕,7000, , , , 
짬뽕의진수,하얀짬뽕,6000, , , , 
짬뽕의진수,짜장면,4500, , , , 
짬뽕의진수,찹쌀탕수육 (소),10000, , , , 
짬뽕의진수,양장피,25000, , , , 
오사카데스 봉명점,오사카 플래터,34900, , , , 
오사카데스 봉명점,나폴리탄 스파게티,9900, , , , 
오사카데스 봉명점,부타볶음,9900, , , , 
오사카데스 봉명점,야끼소바,11000, , , , 
오사카데스 봉명점,오꼬노미야끼,10900, , , , 
오사카데스 봉명점,타코야끼,7900, , , , 
옛고을,촌돼지찌개,8000, , , , 
옛고을,야채불고기,12000, , , , 
옛고을,꽃살치살,45000, , , , 
옛고을,한우생갈비살,25000, , , , 
옛고을,갈비꽃살,32000, , , , 
옛고을,갈비안창,32000, , , , 
리파인,육회,29000, , , , 
리파인,들깨비빔파스타,17900, , , , 
리파인,비빔국수,17900, , , , 
리파인,명란파스타,17900, , , , 
리파인,우삼겹청양파스타,17900, , , , 
리파인,크림수제비,17900, , , , 
빈스포차,옛날통닭 한마리,13000, , , , 
빈스포차,똥집튀김,13000, , , , 
빈스포차,야채계란말이,13000, , , , 
빈스포차,모둠감자튀김,12000, , , , 
빈스포차,오뎅탕,14000, , , , 
빈스포차,진국황태탕,14000, , , , 
탐앤탐스 봉명점,아메리카노,4400, , , , 
짬뽕클라쓰 유성점,짬뽕,8000, , , , 
짬뽕클라쓰 유성점,순두부 짬뽕,9000, , , , 
짬뽕클라쓰 유성점,백짬뽕,10000, , , , 
짬뽕클라쓰 유성점,삼선짬뽕,10000, , , , 
짬뽕클라쓰 유성점,차돌 짬뽕,10000, , , , 
짬뽕클라쓰 유성점,마라탕면,12000, , , , 
봉명로스,생삼겹살(160g),14000, , , , 
봉명로스,급냉삼겹살(160g),14000, , , , 
봉명로스,봉명잔치국수,6000, , , , 
봉명로스,봉명비빔국수,6000, , , , 
봉명로스,차돌된장찌개,6000, , , , 
살롱드뱅,슈바인학센,48000, , , , 
살롱드뱅,만가닥버섯오일파스타,17000, , , , 
살롱드뱅,스타터플레이트,12000, , , , 
살롱드뱅,쉬림프로제꼰낄리아니,18000, , , , 
살롱드뱅,블루치즈 무화과 페스츄리 피자,20000, , , , 
살롱드뱅,페퍼로니 페스츄리 피자,20000, , , , 
정진돈,로스카츠,12000, , , , 
정진돈,히레카츠,13000, , , , 
정진돈,상로스카츠,14000, , , , 
정진돈,모둠카츠,15000, , , , 
오양참치,알탕,대구탕,지리(점심메뉴),13000, , , , 
오양참치,활어회,45000, , , , 
오양참치,초밥정식(점심메뉴),20000, , , , 
오양참치,오양정식(점심메뉴),30000, , , , 
오양참치,생우럭탕(점심메뉴),20000, , , , 
오양참치,특모듬회(저녁메뉴),69000, , , , 
토리아에즈 대전봉명점,아스파,3300, , , , 
토리아에즈 대전봉명점,토마토,3300, , , , 
토리아에즈 대전봉명점,모찌,2900, , , , 
토리아에즈 대전봉명점,팽이,2900, , , , 
토리아에즈 대전봉명점,쯔쿠네,4500, , , , 
토리아에즈 대전봉명점,양어깨살,2800, , , , 
윅스커피,필터커피,0, , , , 
윅스커피,바나나 푸딩,6000, , , , 
윅스커피,복숭아 크림샌드,5500, , , , 
윅스커피,아메리카노,4000, , , , 
윅스커피,라떼,4500, , , , 
생마차 대전봉명점,오이사라다,4000, , , , 
생마차 대전봉명점,생강토마토,6500, , , , 
생마차 대전봉명점,설탕토마토,6500, , , , 
생마차 대전봉명점,땡초물만두,6000, , , , 
생마차 대전봉명점,은행구이,7000, , , , 
생마차 대전봉명점,네기마요 타코야끼,9000, , , , 
김종구식맛치킨전기바베큐 도안봉명점,찹쌀통닭구이,13000, , , , 
김종구식맛치킨전기바베큐 도안봉명점,바싹옛날통닭,9500, , , , 
태극순대,양념곱창구이 (1인),11000, , , , 
태극순대,매콤양념무뼈닭발,16000, , , , 
태극순대,소곱창전골 (2인),23000, , , , 
태극순대,순대곱창전골 (2인),23000, , , , 
태극순대,순대곱창볶음 (중),23000, , , , 
인생마지막뭉티기,한우 뭉티기 (중),41000, , , , 
인생마지막뭉티기,육회,38000, , , , 
인생마지막뭉티기,한우 숙성뭉티기(중),36000, , , , 
인생마지막뭉티기,한우 타다끼,38000, , , , 
인생마지막뭉티기,한우물회,28000, , , , 
회포,모둠회,35000, , , , 
회포,광어회,35000, , , , 
정원맥주,항정살 수육전골,0, , , , 
오복대구탕,대구탕,11000, , , , 
오복대구탕,대구뽈탕,13000, , , , 
오복대구탕,대구전골 (중),40000, , , , 
오복대구탕,대구전골 (대),48000, , , , 
오복대구탕,대구뽈찜 (중),40000, , , , 
오복대구탕,대구뽈찜 (대),48000, , , , 
천강돌솥밥,자연산 버섯찌개+돌솥밥,8000, , , , 
천강돌솥밥,능이버섯 닭백숙(1인),15000, , , , 
천강돌솥밥,야관문 닭백숙(1인),10000, , , , 
천강돌솥밥,야관문 오리백숙,50000, , , , 
천강돌솥밥,능이버섯 오리백숙,50000, , , , 
소소하게,차돌박이 (120g),7900, , , , 
소소하게,우삼겹 (120g),6900, , , , 
소소하게,소갈비살 (120g),13900, , , , 
소소하게,한우차돌박이 (120g),14900, , , , 
소소하게,차돌된장찌개,5900, , , , 
소소하게,쫄면,4900, , , , 
더도담,고등어조림,12000, , , , 
더도담,병어조림,21000, , , , 
더도담,생선구이,12000, , , , 
더도담,순두부,8000, , , , 
더도담,대구뽈탕,9000, , , , 
더도담,참홍어탕,15000, , , , 
일이이사,갈비스테이크,29000, , , , 
일이이사,단짠매콤 등갈비튀김,27000, , , , 
일이이사,온기가득 닭찜과 채소찜,25000, , , , 
일이이사,두유국물까르보나라,16000, , , , 
일이이사,새우 버섯 슈렉리조또,16500, , , , 
일이이사,흑임자들깨크림파스타,16500, , , , 
타마,믹스야끼소바,14500, , , , 
타마,호르몬이끼소바,16500, , , , 
타마,모츠나베,35000, , , , 
타마,나가사끼짬뽕,22000, , , , 
타마,스페셜모던야끼,15500, , , , 
타마,오뎅탕,20000, , , , 
BBQ 대전봉명점,땡초숯불양념치킨,25000, , , , 
BBQ 대전봉명점,한입등갈비튀김,25000, , , , 
BBQ 대전봉명점,핫베이크 윙,24000, , , , 
BBQ 대전봉명점,핫베이크 닭다리,26000, , , , 
BBQ 대전봉명점,바사칸 윙,23000, , , , 
BBQ 대전봉명점,황금올리브치킨™,23000, , , , 
포케올데이 대전봉명점,현미밥포케(Brown rice poke),10900, , , , 
포케올데이 대전봉명점,메밀면포케(Soba noodle poke),10900, , , , 
포케올데이 대전봉명점,야채만포케(Vegetable only poke),10900, , , , 
포케올데이 대전봉명점,미트랩(Meat Wrap),5900, , , , 
포케올데이 대전봉명점,씨랩(Sea wrap),6900, , , , 
포케올데이 대전봉명점,단호박크림스프(Sweet pumpkin soup),3500, , , , 
스페인261,통마늘 안심스테이크,39900, , , , 
스페인261,슈바인학센,49900, , , , 
스페인261,알리오올리오 파스타,15900, , , , 
스페인261,까르보나라 파스타,16900, , , , 
스페인261,로제감베로니파스타,18900, , , , 
스페인261,아마트리치아나 만조,18900, , , , 
인생장칼 대전유성점,장국밥,8000, , , , 
인생장칼 대전유성점,장칼국수,8000, , , , 
인생장칼 대전유성점,불장칼국수,9000, , , , 
인생장칼 대전유성점,고기만두(2pc),3000, , , , 
인생장칼 대전유성점,고기만두(4pc),6000, , , , 
인생장칼 대전유성점,갈비만두(8pc),6000, , , , 
사랑방손칼국시,손칼국시,8000, , , , 
사랑방손칼국시,수제비,8000, , , , 
사랑방손칼국시,파전,12000, , , , 
사랑방손칼국시,김치전,12000, , , , 
사랑방손칼국시,두부두루치기,17000, , , , 
사랑방손칼국시,두부김치,20000, , , , 
주가든,모듬로스 (400g),130000, , , , 
주가든,밀랍숙성 (500g),100000, , , , 
주가든,한우떡국,15000, , , , 
주가든,생등심 (100g),32000, , , , 
주가든,생등심로스 (100g),28000, , , , 
주가든,양념등심로스 (100g),29000, , , , 
계화동 봉명점,닭다리살 (400g),12000, , , , 
계화동 봉명점,닭소금구이 (200g),12000, , , , 
계화동 봉명점,무뼈닭발 (300g),12000, , , , 
계화동 봉명점,양념불삼겹 (300g),12000, , , , 
계화동 봉명점,꼼장어 (200g),12000, , , , 
계화동 봉명점,닭똥집 (200g),11000, , , , 
크리베리,팥식빵,2000, , , , 
크리베리,슈크림,1200, , , , 
크리베리,호밀링,1000, , , , 
크리베리,야채구운빵,1200, , , , 
크리베리,소보로 꽈베기,1000, , , , 
무안낙지,아낙탕(소),40000, , , , 
무안낙지,산낙지철판볶음(1인분),22000, , , , 
무안낙지,불낙전골(소),40000, , , , 
무안낙지,묵은지낙지갈비찜(소),40000, , , , 
무안낙지,산낙지육회탕탕이,50000, , , , 
한신우동 봉명점,즉석우동,7500, , , , 
한신우동 봉명점,어묵우동,8500, , , , 
한신우동 봉명점,닭튀김우동,10000, , , , 
한신우동 봉명점,비빔우동,8000, , , , 
한신우동 봉명점,옛날통닭,13000, , , , 
한신우동 봉명점,왕돈까스,11000, , , , 
소문난진지상,모둠생선정식,10000, , , , 
소문난진지상,생선정식,8000, , , , 
소문난진지상,청국장정식,6000, , , , 
소문난진지상,제육볶음(중),10000, , , , 
소문난진지상,대패삼겹(300g),10000, , , , 
리케리케라운지,토마토바질파스타,17000, , , , 
리케리케라운지,볼로네즈,18000, , , , 
리케리케라운지,바질페스토,17000, , , , 
리케리케라운지,앤초비갈릭파스타,18000, , , , 
리케리케라운지,트러플 크림 메이플 항정살 파스타,21000, , , , 
리케리케라운지,뉴욕마르게리타피자,18000, , , , 
공차 대전유성온천점,블랙밀크티+펄(L),4700, , , , 
공차 대전유성온천점,망고 요구르트 + 화이트펄(L),5200, , , , 
공차 대전유성온천점,우롱티 + 코코넛 + 밀크폼(L),4700, , , , 
공차 대전유성온천점,초콜렛 밀크티 + 밀크폼(L),4700, , , , 
공차 대전유성온천점,딸기 쿠키 스무디 + 펄(L),5900, , , , 
공차 대전유성온천점,블랙 밀크티(L),4500, , , , 
코이누르,호주 와규 럼프 스테이크,58000, , , , 
코이누르,트러플 크림 감자 뇨끼,28000, , , , 
마포숯불갈매기 도안점,갈매기살,13000, , , , 
마포숯불갈매기 도안점,양념갈매기살,13500, , , , 
마포숯불갈매기 도안점,삼겹살,13000, , , , 
마포숯불갈매기 도안점,가브리살,14000, , , , 
마포숯불갈매기 도안점,항정살,14000, , , , 
마포숯불갈매기 도안점,갈비살,15000, , , , 
굽네치킨 유성온천점,오리지널,17900, , , , 
굽네치킨 유성온천점,고추바사삭,19900, , , , 
굽네치킨 유성온천점,치즈바사삭,19900, , , , 
굽네치킨 유성온천점,남해마늘바사삭,20900, , , , 
굽네치킨 유성온천점,마라 고추 바사삭,20900, , , , 
굽네치킨 유성온천점,오븐 바사삭,18900, , , , 
아리소바제면소,고사리소바,8900, , , , 
아리소바제면소,호렌소 소바,8900, , , , 
60계 대전유성점,6초치킨,20900, , , , 
60계 대전유성점,간지치킨,20900, , , , 
60계 대전유성점,고추치킨,20900, , , , 
60계 대전유성점,양념치킨,19900, , , , 
60계 대전유성점,장스치킨,20900, , , , 
60계 대전유성점,후라이드치킨,17900, , , , 
로드락비어 대전봉명점,바삭양송이튀김,8900, , , , 
로드락비어 대전봉명점,수박샤베트,9900, , , , 
로드락비어 대전봉명점,딸기큐브치즈아이스크림,8900, , , , 
로드락비어 대전봉명점,대왕소세지와콘치즈,13900, , , , 
로드락비어 대전봉명점,치즈볼 (8ea),7900, , , , 
로드락비어 대전봉명점,짜파구리 라볶이,7900, , , , 
제갈량양푼이동태찌개,한방 동태 맑은탕,8000, , , , 
제갈량양푼이동태찌개,양푼이동태찌개,7000, , , , 
제갈량양푼이동태찌개,대구 뽈 매운탕,9000, , , , 
제갈량양푼이동태찌개,대구 뽈 지리탕,8000, , , , 
제갈량양푼이동태찌개,불향 쭈꾸미볶음(소),15000, , , , 
가장맛있는뒷고기 유성점,제주명품뒷고기한판 (600g),39000, , , , 
가장맛있는뒷고기 유성점,제주산덜미살 (1인),13000, , , , 
가장맛있는뒷고기 유성점,제주산가브리살 (1인),16000, , , , 
가장맛있는뒷고기 유성점,제주산갈매기살 (1인),16000, , , , 
가장맛있는뒷고기 유성점,제주산항정살 (1인),16000, , , , 
가장맛있는뒷고기 유성점,제주산도깨비살 (1인),13000, , , , 
페리토에스프레소바,에스프레소,2000, , , , 
철길 부산집 봉명점,소고기 타다끼,20000, , , , 
철길 부산집 봉명점,숙성 연어사시미,29000, , , , 
철길 부산집 봉명점,치킨 가라아게,18000, , , , 
철길 부산집 봉명점,버터문어 다리구이,18900, , , , 
철길 부산집 봉명점,육회,20000, , , , 
도리토리 대전봉명점,3종꼬치(1인 1주문기준),11000, , , , 
도리토리 대전봉명점,5종꼬치(1인 1주문기준),17500, , , , 
도리토리 대전봉명점,7종꼬치(1인 1주문기준),24000, , , , 
상하,맑은 닭 전골,24000, , , , 
상하,얼큰 순두부 전골,25000, , , , 
상하,불맛 모듬 닭이닭,23000, , , , 
상하,쭈.새.소.동,22000, , , , 
상하,두부한모 우삼겹김치,22000, , , , 
상하,고구미 떡볶이,17000, , , , 
하얀물고기횟집,광어,50000, , , , 
하얀물고기횟집,우럭,50000, , , , 
하얀물고기횟집,강도다리세꼬시,50000, , , , 
하얀물고기횟집,강도다리회,50000, , , , 
하얀물고기횟집,자연산돌멍게,30000, , , , 
하얀물고기횟집,전복버터구이(5마리),30000, , , , 
꼬치는밤,치즈 다리살(3pcs),6000, , , , 
꼬치는밤,소고기 타다끼,18000, , , , 
꼬치는밤,명란 크림파스타,18000, , , , 
꼬치는밤,스키야키나베,25000, , , , 
꼬치는밤,진미채 튀김&감자 튀김,10000, , , , 
꼬치는밤,한라볼 하이볼,4500, , , , 
마라탕,소고기/양고기 (100g),3000, , , , 
마라탕,마라탕 (100g),1700, , , , 
마라탕,마라샹궈 (100g),3000, , , , 
마라탕,물만두,6000, , , , 
영칼로리포케 봉명점,수비드 닭다리살 포케,11900, , , , 
영칼로리포케 봉명점,수비드 목살 포케,11900, , , , 
영칼로리포케 봉명점,부채살 스테이크 포케,13900, , , , 
영칼로리포케 봉명점,곤부지메 연어 포케,13900, , , , 
영칼로리포케 봉명점,수비드 닭가슴살 포케,10900, , , , 
영칼로리포케 봉명점,부채살 도시락,12500, , , , 
이관복명장냉면,원조물비빔냉면,11000, , , , 
이관복명장냉면,물냉면,11000, , , , 
이관복명장냉면,비빔냉면,11000, , , , 
이관복명장냉면,들기름냉면,11500, , , , 
이관복명장냉면,미나리돈까스,12500, , , , 
이관복명장냉면,돈까스,11000, , , , 
유성토박이,제주갈치조림 (대),45000, , , , 
유성토박이,제주갈치조림 (중),35000, , , , 
유성토박이,해물뚝배기,10000, , , , 
유성토박이,제주통갈치구이,45000, , , , 
유성토박이,묵은지고등어조림,25000, , , , 
유성토박이,고등어구이,20000, , , , 
온천면옥 유성온천점,석갈비(2인이상),15000, , , , 
온천면옥 유성온천점,만두,6000, , , , 
온천면옥 유성온천점,메밀막국수,9000, , , , 
온천면옥 유성온천점,메밀비빔막국수,10000, , , , 
온천면옥 유성온천점,코다리막국수,11000, , , , 
온천면옥 유성온천점,등뼈해장국,9000, , , , 
일호황소곱창,황소모듬,19000, , , , 
일호황소곱창,황소곱창,19000, , , , 
일호황소곱창,황소대창,18000, , , , 
일호황소곱창,황소막창,18000, , , , 
일호황소곱창,황소전골 2인분,32000, , , , 
일호황소곱창,한우보양탕,9900, , , , 
술멍,파스타 & 가라아게,22000, , , , 
술멍,해물짬뽕나베,19000, , , , 
술멍,돼지고기 김치전골,18000, , , , 
술멍,삼겹제육,18000, , , , 
술멍,순살 닭볶음탕,20000, , , , 
술멍,어묵탕,18000, , , , 
웅이네오돌뼈 유성점,오돌뼈,19000, , , , 
웅이네오돌뼈 유성점,김치오돌뼈,19000, , , , 
웅이네오돌뼈 유성점,갈비오돌뼈,19000, , , , 
웅이네오돌뼈 유성점,무뼈닭발,19000, , , , 
웅이네오돌뼈 유성점,뼈닭발,19000, , , , 
느와르라끄베르 대전점,위스키,4000, , , , 
느와르라끄베르 대전점,위스키,0, , , , 
느와르라끄베르 대전점,꼬냑,와인,샴페인,0, , , , 
느와르라끄베르 대전점,칵테일&하이볼,0, , , , 
느와르라끄베르 대전점,안주,0, , , , 
빽다방 대전유성센트럴점,앗메리카노(ICED),2000, , , , 
빽다방 대전유성센트럴점,빽's카페라떼(ICED),3000, , , , 
빽다방 대전유성센트럴점,블루캔디소다,4000, , , , 
빽다방 대전유성센트럴점,식혜(ICED),3000, , , , 
삼삼뼈해장국,삼삼뼈해장국,9000, , , , 
삼삼뼈해장국,삼삼뼈감자탕(2인),26000, , , , 
삼삼뼈해장국,삼삼뼈감자탕(3인),39000, , , , 
삼삼뼈해장국,삼삼뼈해장국(4인),52000, , , , 
퍼스트커피랩 대전유성점,에스프레소,4000, , , , 
퍼스트커피랩 대전유성점,아메리카노,4500, , , , 
퍼스트커피랩 대전유성점,아샷추,5000, , , , 
퍼스트커피랩 대전유성점,카페라떼,5000, , , , 
퍼스트커피랩 대전유성점,바닐라라떼,5500, , , , 
퍼스트커피랩 대전유성점,스페니쉬라떼,5500, , , , 
테판정,철판오마카세,150000, , , , 
1975서문국시 본점,잔치국수,6000, , , , 
1975서문국시 본점,비빔야채납작만두,9000, , , , 
1975서문국시 본점,냉잔치국수,7000, , , , 
1975서문국시 본점,유부국수,8000, , , , 
1975서문국시 본점,비빔국수,8500, , , , 
1975서문국시 본점,납작비빔국수,11000, , , , 
복촌,생삼겹,11000, , , , 
복촌,목살,11000, , , , 
복촌,항정살,12000, , , , 
복촌,갈매기살,12000, , , , 
복촌,갈비살,15000, , , , 
복촌,김치삼겹살,11000, , , , 
수제빵연구소 유성지점,아메리카노,2900, , , , 
수제빵연구소 유성지점,캐모마일,1900, , , , 
수제빵연구소 유성지점,얼그레이,1900, , , , 
수제빵연구소 유성지점,페퍼민트,1900, , , , 
수제빵연구소 유성지점,하비스커스,1900, , , , 
수제빵연구소 유성지점,사과주스,3900, , , , 
본죽&비빔밥cafe 대전도안신도시점,곤드레비빔밥,10000, , , , 
본죽&비빔밥cafe 대전도안신도시점,낙지김치죽,11000, , , , 
본죽&비빔밥cafe 대전도안신도시점,녹두죽,9000, , , , 
본죽&비빔밥cafe 대전도안신도시점,단호박죽,10500, , , , 
본죽&비빔밥cafe 대전도안신도시점,동지팥죽,10000, , , , 
본죽&비빔밥cafe 대전도안신도시점,매콤낙지비빔밥,12000, , , , 
한빛맥주,순살가라아게 & 소떡소떡,18000, , , , 
한빛맥주,순살 플레이트,26000, , , , 
한빛맥주,윙봉 플레이트,28000, , , , 
한빛맥주,옛날통닭 & 닭똥집 플레이트,26000, , , , 
한빛맥주,돈까스 플레이트,17000, , , , 
한빛맥주,닭똥집 & 마늘튀김,17000, , , , 
쩜오포차,광어 (소),10000, , , , 
쩜오포차,우럭 (소),10000, , , , 
쩜오포차,도미,35000, , , , 
쩜오포차,농어,35000, , , , 
쩜오포차,활어물회,15000, , , , 
탐라돌구이,한우채끝(150g),30000, , , , 
탐라돌구이,한우(150g),35000, , , , 
탐라돌구이,생삼겹(150g),15000, , , , 
탐라돌구이,목살(150g),15000, , , , 
탐라돌구이,가브리살(150g),16000, , , , 
탐라돌구이,항정살(150g),16000, , , , 
봉명만두칼국수,해물 만두국 (2인이상),8000, , , , 
봉명만두칼국수,해물 칼국수 (2인이상),7000, , , , 
봉명만두칼국수,김치만두,5000, , , , 
봉명만두칼국수,고기만두,5000, , , , 
봉명만두칼국수,김치+고기만두,5000, , , , 
하이또,오뎅모리,13900, , , , 
하이또,규스지폰즈,12900, , , , 
하이또,타르타르치킨난반,13900, , , , 
하이또,연두부타코와사비,9900, , , , 
하이또,고로상나폴리탄,12900, , , , 
하이또,점보닭다리꼬오치(2조각),9900, , , , 
진로집호프,김치수제비,9500, , , , 
진로집호프,맑은수제비,9500, , , , 
진로집호프,얼큰수제비,9500, , , , 
진로집호프,홍합탕,14500, , , , 
진로집호프,진로파닭,14000, , , , 
진로집호프,닭꼬치 (3개이상),3500, , , , 
BHC치킨 유성온천점,더블팝 순살 양념,23500, , , , 
BHC치킨 유성온천점,HOT 후라이드 콤보,23000, , , , 
BHC치킨 유성온천점,뿌링클 콤보,23000, , , , 
BHC치킨 유성온천점,골드킹 콤보,23000, , , , 
BHC치킨 유성온천점,맛초킹 콤보,23000, , , , 
BHC치킨 유성온천점,마법클,22000, , , , 
유성동태탕,동태탕,8000, , , , 
유성동태탕,두부김치,15000, , , , 
유성동태탕,김치찜(1인),8000, , , , 
일이공숯불닭갈비,자연산같은 횡성더덕구이,12000, , , , 
일이공숯불닭갈비,살얼음초계물막국수,6000, , , , 
일이공숯불닭갈비,계란덮은 짜파게티,4000, , , , 
일이공숯불닭갈비,얼큰시원 해물라면,4000, , , , 
일이공숯불닭갈비,날치톡톡 볶음밥,4000, , , , 
일이공숯불닭갈비,얼큰구수 된장찌개,4000, , , , 
연남 봉명점,연남샤브전골,26000, , , , 
연남 봉명점,육사시미,26000, , , , 
연남 봉명점,한우타다끼,26000, , , , 
연남 봉명점,매콤크림파스타,18000, , , , 
연남 봉명점,감바스,19000, , , , 
연남 봉명점,네기도로마끼,25000, , , , 
도어이스케이프 대전유성NC백화점,나는 아직도 배고프G,12000, , , , 
도어이스케이프 대전유성NC백화점,도어항공 41C,17000, , , , 
도어이스케이프 대전유성NC백화점,서커스:THE CLEANING MAN,22000, , , , 
도어이스케이프 대전유성NC백화점,산타의 민족,22000, , , , 
도어이스케이프 대전유성NC백화점,GOOD NIGHT,22000, , , , 
도어이스케이프 대전유성NC백화점,WOULD YOU FIND ME?,22000, , , , 
청담동말자싸롱 유성온천점,호감치,18000, , , , 
청담동말자싸롱 유성온천점,오감치,21500, , , , 
청담동말자싸롱 유성온천점,볼치맥,13000, , , , 
청담동말자싸롱 유성온천점,치떡맥,18000, , , , 
청담동말자싸롱 유성온천점,감치맥,12500, , , , 
청담동말자싸롱 유성온천점,떡튀맥,15000, , , , 
홍명상회 유성봉명점,뭉티기(육사시미) (중),48000, , , , 
홍명상회 유성봉명점,숙성 광어회 (중),39000, , , , 
홍명상회 유성봉명점,생 연어회 (중),39000, , , , 
홍명상회 유성봉명점,간장 새우장 (10ps),25000, , , , 
홍명상회 유성봉명점,영천식 한우육회 (2인),37000, , , , 
홍명상회 유성봉명점,아부리 한우육회 (2인),37000, , , , 
읍천리382 유성온천점,읍천리커피,4500, , , , 
읍천리382 유성온천점,아메리카노,3500, , , , 
읍천리382 유성온천점,카페라떼,4000, , , , 
읍천리382 유성온천점,헤이즐넛,4300, , , , 
읍천리382 유성온천점,바닐라라떼,4800, , , , 
읍천리382 유성온천점,카라멜마끼아또,4800, , , , 
노랑통닭 대전봉명점,열불 품은 3종 치킨(오리지널),23000, , , , 
노랑통닭 대전봉명점,열불라조 치킨(오리지널),22000, , , , 
노랑통닭 대전봉명점,노랑 3종 치킨(오리지널),22000, , , , 
노랑통닭 대전봉명점,칼칼한 청양 치킨(오리지널),22000, , , , 
노랑통닭 대전봉명점,엄청 큰 후라이드 치킨(오리지널),19000, , , , 
노랑통닭 대전봉명점,바삭 누룽지 치킨(오리지널),21000, , , , 
BBQ 대전유성점,땡초숯불양념치킨,25000, , , , 
BBQ 대전유성점,한입등갈비튀김,25000, , , , 
BBQ 대전유성점,핫베이크 윙,24000, , , , 
BBQ 대전유성점,핫베이크 닭다리,26000, , , , 
BBQ 대전유성점,바사칸 윙,23000, , , , 
BBQ 대전유성점,황금올리브치킨™,23000, , , , 
글맆,아메리카노,5200, , , , 
글맆,카페라떼,5600, , , , 
글맆,바닐라라떼,5600, , , , 
글맆,플렛화이트,5800, , , , 
글맆,아인슈페너,6000, , , , 
글맆,청포도에이드,6200, , , , 
최가네명태조림 봉명점,매콤명태조림 (소),29000, , , , 
최가네명태조림 봉명점,생선구이 (소),28000, , , , 
디저트39 대전봉명점,아메리카노,2900, , , , 
디저트39 대전봉명점,딸기라떼,6100, , , , 
디저트39 대전봉명점,커스터드 크로칸슈,4900, , , , 
다온칼국수,바지락칼국수,6000, , , , 
다온칼국수,얼큰이칼국수,6000, , , , 
다온칼국수,굴얼큰이칼국수,7000, , , , 
다온칼국수,매생이굴칼국수,7000, , , , 
다온칼국수,수육 (소),15000, , , , 
디저트39 충남대점,아메리카노,2900, , , , 
디저트39 충남대점,카페라떼,4200, , , , 
디저트39 충남대점,바닐라라떼,4600, , , , 
디저트39 충남대점,돌체라떼,4600, , , , 
디저트39 충남대점,카라멜 마끼아또,4600, , , , 
디저트39 충남대점,아인슈페너 라떼,6100, , , , 
활어보이,줄돔 + 감성돔 (1kg),60000, , , , 
활어보이,줄돔 (1kg),72000, , , , 
활어보이,감성돔 (1kg),51000, , , , 
활어보이,대방어 (중),58000, , , , 
활어보이,광어 (1kg),43000, , , , 
활어보이,우럭 (1kg),42000, , , , 
안주가 봉명점,쭈꾸미볶음,0, , , , 
안주가 봉명점,항정숙회,0, , , , 
안주가 봉명점,트러플감자채전,0, , , , 
똘비족발 봉명점,왕족발(중),27000, , , , 
똘비족발 봉명점,미니족발(중),15000, , , , 
똘비족발 봉명점,봉평 메밀쟁반국수,12000, , , , 
똘비족발 봉명점,칼국수,6000, , , , 
똘비족발 봉명점,콩국수,7000, , , , 
형제축산정육식당 봉명점,육회,22000, , , , 
형제축산정육식당 봉명점,물냉면/비빔냉면,5000, , , , 
형제축산정육식당 봉명점,소면,5000, , , , 
한솥도시락 대전유성봉명점,매화,10500, , , , 
한솥도시락 대전유성봉명점,진달래,8000, , , , 
한솥도시락 대전유성봉명점,개나리,8700, , , , 
한솥도시락 대전유성봉명점,새치고기고기,7100, , , , 
한솥도시락 대전유성봉명점,돈치고기고기,6100, , , , 
한솥도시락 대전유성봉명점,숯불직화구이,6800, , , , 
카페와도,아메리카노,3500, , , , 
카페와도,카페라떼,4000, , , , 
카페와도,콜드브루,4500, , , , 
카페와도,콜드브루라떼,5000, , , , 
카페와도,바닐라라떼,4500, , , , 
카페와도,카라벨마비아또,4500, , , , 
우리아빠닭강정 봉명점,프리미엄 순살 닭강정 (큰박스),25900, , , , 
우리아빠닭강정 봉명점,오리지널 순살 닭강정 (큰박스),23900, , , , 
우리아빠닭강정 봉명점,텐더로만 순살 닭강정 (큰박스),21900, , , , 
맛잡이슈퍼 대전봉명점,또띠아 햄 치즈말이,6800, , , , 
맛잡이슈퍼 대전봉명점,두부김치,9800, , , , 
맛잡이슈퍼 대전봉명점,제육볶음,9800, , , , 
맛잡이슈퍼 대전봉명점,먹태바삭이,12800, , , , 
맛잡이슈퍼 대전봉명점,돼지짜글이찌개,14800, , , , 
만년미역,멍게 비빔밥,13000, , , , 
만년미역,가자미 미역국,12000, , , , 
만년미역,조개 미역국,11000, , , , 
만년미역,황태 미역국,13000, , , , 
만년미역,소고기 미역국,14000, , , , 
만년미역,성게 미역국,18000, , , , 
심도,들기름젓갈파스타,12000, , , , 
심도,화이트라구떡볶이,12800, , , , 
심도,비프타르타르,16000, , , , 
심도,고추장육회김밥,13800, , , , 
심도,소고기무침,13800, , , , 
심도,스파이시크림수제비,13800, , , , 
명랑생맥주,(뼈)후라이드치킨,15000, , , , 
명랑생맥주,(뼈)양념치킨,16000, , , , 
명랑생맥주,(뼈)간장치킨,16000, , , , 
명랑생맥주,(뼈)파닭치킨,16000, , , , 
명랑생맥주,(순살)후라이드치킨,14000, , , , 
명랑생맥주,(순살)양념치킨,15000, , , , 
홍루이젠 대전봉명점,햄치즈샌드위치,2600, , , , 
홍루이젠 대전봉명점,오리지널햄샌드위치,2500, , , , 
홍루이젠 대전봉명점,치즈샌드위치,2400, , , , 
홍루이젠 대전봉명점,갓군샌트리플치즈,3800, , , , 
홍루이젠 대전봉명점,갓군샌갈릭버터,3800, , , , 
홍루이젠 대전봉명점,에그포테이토샌드위치,3200, , , , 
온천한우,한우등심모듬,0, , , , 
온천한우,한우육회,0, , , , 
뉴모어,아메리카노,4000, , , , 
뉴모어,카페라떼,4500, , , , 
뉴모어,바닐라라떼,5000, , , , 
뉴모어,바닐라말차샷,5500, , , , 
뉴모어,뉴라떼(아몬드크림라떼),6000, , , , 
뉴모어,모어라떼(엑설런트아이스크림라떼),6000, , , , 
엠쓰리,행사양주,99000, , , , 
엠쓰리,위스키,100000, , , , 
엠쓰리,기타 주류,150000, , , , 
엠쓰리,M3 플레터,15000, , , , 
엠쓰리,과일치즈와 크래커,8000, , , , 
엠쓰리,햄치즈,8000, , , , 
쉼어묵그리고한잔술,세트메뉴,44000, , , , 
프랭크버거 대전유성온천역점,쉬림프 버거(R),5000, , , , 
프랭크버거 대전유성온천역점,JG버거(R),8900, , , , 
프랭크버거 대전유성온천역점,프랭크 버거(R),4600, , , , 
프랭크버거 대전유성온천역점,치즈버거(R),5500, , , , 
프랭크버거 대전유성온천역점,베이컨 치즈버거(R),6900, , , , 
프랭크버거 대전유성온천역점,프렌치 프라이,2000, , , , 
라쿠엔,디너코스 시그니처,88000, , , , 
라쿠엔,디너코스 스페셜,118000, , , , 
만나명태명가,매콤명태조림(소),25000, , , , 
만나명태명가,모듬생선구이(중),25000, , , , 
만나명태명가,속초참골뱅이숙회(중),25000, , , , 
만나명태명가,얼큰가오리찜(중),35000, , , , 
만나명태명가,가오리탕(중),35000, , , , 
술다운술집,우삼겹 버섯전골,19900, , , , 
술다운술집,갈비찜,25900, , , , 
술다운술집,묵은지 갈비찜,26900, , , , 
술다운술집,반반육회,21900, , , , 
술다운술집,곱도리탕,23900, , , , 
술다운술집,나가사끼 짬뽕탕,19900, , , , 
육회왕자연어공주,육회(180g),13900, , , , 
육회왕자연어공주,고추장육회(180g),14900, , , , 
육회왕자연어공주,불총육회(180g),14900, , , , 
육회왕자연어공주,한우육사시미(200g),28000, , , , 
육회왕자연어공주,생연어회,25900, , , , 
육회왕자연어공주,연어샐러드,14900, , , , 
어썸포케앤샐러드 대전유성봉명점,부채살포케,13400, , , , 
어썸포케앤샐러드 대전유성봉명점,연어포케,13400, , , , 
어썸포케앤샐러드 대전유성봉명점,우삼겹포케,12400, , , , 
어썸포케앤샐러드 대전유성봉명점,오리훈제포케,11800, , , , 
어썸포케앤샐러드 대전유성봉명점,닭가슴살포케,10800, , , , 
어썸포케앤샐러드 대전유성봉명점,닭다리살포케,10800, , , , 
데이앤나잇,커피,4000, , , , 
데이앤나잇,샐러드파스타,9800, , , , 
데이앤나잇,치킨,데이샐러드,15800, , , , 
데이앤나잇,리코타치즈샐러드,11800, , , , 
데이앤나잇,할라피뇨파니니,8800, , , , 
데이앤나잇,헛치킨파니니,8800, , , , 
칼 누들바 대전봉명점,콩주칼국수,8000, , , , 
칼 누들바 대전봉명점,얼큰순두부 칼국수,15000, , , , 
칼 누들바 대전봉명점,오징어 두부 두루치기,19000, , , , 
칼 누들바 대전봉명점,왕돈까스,12000, , , , 
칼 누들바 대전봉명점,파돈까스,13000, , , , 
칼 누들바 대전봉명점,칼쫄면,9000, , , , 
안철민문어대장,피문어 통찜(6인),78000, , , , 
안철민문어대장,피문어 통찜(4인),60000, , , , 
안철민문어대장,반마리 피문어 통찜(3인),50000, , , , 
안철민문어대장,꽃새우회(대),70000, , , , 
안철민문어대장,도하새우회(중),55000, , , , 
백제식당,청국장,8000, , , , 
백제식당,참치김치찌개,8000, , , , 
백제식당,부대찌개,18000, , , , 
백제식당,된장찌개,8000, , , , 
백제식당,짜글이찌개,18000, , , , 
백제식당,동태찌개,18000, , , , 
공차 대전도안점,블랙밀크티+펄(L),4700, , , , 
공차 대전도안점,망고 요구르트 + 화이트펄(L),5200, , , , 
공차 대전도안점,우롱티 + 코코넛 + 밀크폼(L),4700, , , , 
공차 대전도안점,초콜렛 밀크티 + 밀크폼(L),4700, , , , 
공차 대전도안점,딸기 쿠키 스무디 + 펄(L),5900, , , , 
공차 대전도안점,블랙 밀크티(L),4500, , , , 
심청아배고파 충대봉명점,대패삼겹살(100g),3300, , , , 
심청아배고파 충대봉명점,생삼겹살(150g),10000, , , , 
심청아배고파 충대봉명점,웰빙목살(150g),10000, , , , 
심청아배고파 충대봉명점,항정살(150g),12000, , , , 
심청아배고파 충대봉명점,우삼겹(100g),3500, , , , 
미도인 대전NC유성점,가정식 부챗살 스테이크,14800, , , , 
미도인 대전NC유성점,미도인 스테이크 덮밥,10500, , , , 
미도인 대전NC유성점,트리플 스테이크,15800, , , , 
미도인 대전NC유성점,대창 덮밥,12500, , , , 
미도인 대전NC유성점,400 스테이크 덮밥 (하루 7그릇 한정),15200, , , , 
미도인 대전NC유성점,가정식 스테이크 구첩 반상(한정메뉴),15900, , , , 
와쇼쿠미담,미담 스키야키,29000, , , , 
와쇼쿠미담,맑은 백생합 나베,29000, , , , 
와쇼쿠미담,제철 조개술찜 파스타,29000, , , , 
와쇼쿠미담,매운 아롱사태 스지 나베,35000, , , , 
와쇼쿠미담,스지 오뎅나베,30000, , , , 
와쇼쿠미담,눈꽃 이베리코 카이센 카레 나베,30000, , , , 
BHC치킨 대전상대점,더블팝 순살 양념,23500, , , , 
BHC치킨 대전상대점,HOT 후라이드 콤보,23000, , , , 
BHC치킨 대전상대점,뿌링클 콤보,23000, , , , 
BHC치킨 대전상대점,골드킹 콤보,23000, , , , 
BHC치킨 대전상대점,맛초킹 콤보,23000, , , , 
BHC치킨 대전상대점,마법클,22000, , , , 
닭장수후라이드 봉명점,후라이드똥집,12000, , , , 
닭장수후라이드 봉명점,후라이드닭발,14000, , , , 
닭장수후라이드 봉명점,후라이드목살,17000, , , , 
닭장수후라이드 봉명점,국물닭발,18000, , , , 
닭장수후라이드 봉명점,시그니처치킨,12000, , , , 
닭장수후라이드 봉명점,반반치킨,15000, , , , 
돼지굽는집,돼굽 모듬(500g),40000, , , , 
돼지굽는집,숙성 생 삼겹살(180g),14000, , , , 
돼지굽는집,숙성 생 특목살(180g),14000, , , , 
돼지굽는집,갈매기살(150g),14000, , , , 
돼지굽는집,덜미살(180g),14000, , , , 
돼지굽는집,껍데기(120g),8000, , , , 
1987루프탑포차 유성점,큐브스테이크,20000, , , , 
1987루프탑포차 유성점,모듬소세지,15000, , , , 
1987루프탑포차 유성점,감바스,16000, , , , 
1987루프탑포차 유성점,닭발,13000, , , , 
1987루프탑포차 유성점,까르보나라 치킨,18000, , , , 
명이네밥상,닭도리탕,35000, , , , 
명이네밥상,흑돼지 삼겹살(1인분),15000, , , , 
명이네밥상,오리주물럭(1마리),45000, , , , 
명이네밥상,곱창전골(중),30000, , , , 
명이네밥상,김치찌개,9000, , , , 
명이네밥상,된장찌개,8000, , , , 
홈마트24 (마리텔 유성점),기타,9000, , , , 
센세이라멘 유성점,센세이 시그니처 라멘 (보통맛/매운맛),12000, , , , 
센세이라멘 유성점,돈코츠라멘,8500, , , , 
센세이라멘 유성점,카라쿠치,9500, , , , 
센세이라멘 유성점,우삼겹돈코츠라멘,10500, , , , 
센세이라멘 유성점,마라돈코츠라멘,9500, , , , 
센세이라멘 유성점,쇼유라멘,9000, , , , 
88옥상포차 봉명점,88물뱅이,20000, , , , 
88옥상포차 봉명점,대패삼겹한판,22000, , , , 
88옥상포차 봉명점,88곱도리탕,23000, , , , 
88옥상포차 봉명점,88석쇠파불고기,21000, , , , 
88옥상포차 봉명점,순살매콤양념치킨,20000, , , , 
바다콜라겐,물총탕 + 해물찜 (소),45000, , , , 
바다콜라겐,물총탕 + 아귀찜 (소),39000, , , , 
바다콜라겐,해물찜 (소),38000, , , , 
바다콜라겐,모듬튀김,25000, , , , 
바다콜라겐,물총탕,15000, , , , 
바다콜라겐,오징어볶음,28000, , , , 
재하우스,스페셜계절과일,25000, , , , 
재하우스,케이준치킨샐러드,20000, , , , 
재하우스,크리스피순살치킨,18000, , , , 
재하우스,마르게리타피자,16000, , , , 
재하우스,고르곤졸라피자,16000, , , , 
재하우스,불고기피자,16000, , , , 
깡대패,깡대패,5900, , , , 
깡대패,생삼겹 대패,15000, , , , 
깡대패,목살대패,7900, , , , 
깡대패,오리대패,8900, , , , 
깡대패,우삼겹대패,6900, , , , 
깡대패,육즙삼겹살,15000, , , , 
인생마지막포차,소주,5000, , , , 
인생마지막포차,맥주,5000, , , , 
인생마지막포차,전복볶음,18900, , , , 
인생마지막포차,제육볶음,13900, , , , 
인생마지막포차,오징어볶음,13900, , , , 
인생마지막포차,오.제 볶음,17900, , , , 
엄마손퓨전식당,삼겹살(180g),11000, , , , 
엄마손퓨전식당,가브리살(180g),11000, , , , 
엄마손퓨전식당,조기찌개(대),35000, , , , 
엄마손퓨전식당,버섯찌개(대),35000, , , , 
엄마손퓨전식당,대하찌개(대),35000, , , , 
